4,CF,,POR,8,Sousa,Nicolas,CF ST,92,30,189,0,,realmadrid,123.0,2,CF,Right,Compact
8,-,,URU,6,Diego,Oltran,CB,90,32,190,0,,realmadrid,109.0,2,RCB,Right,Compact
32,LCB,,BRA,7,Rafaelo,-,CB,87,32,186,0,,psg,87.0,2,RCB,Right,Compact
37,CF,,TUR,9,Burak,Jarizim,CF ST,87,29,190,0,,galatasaray,87.5,3,ST,Right,Compact
40,-,,COL,9,Douniga,Unis,CF ST,87,28,185,0,,valencia,86.8,2,CF,Right,Compact
52,LCB,,FRA,4,Donak,Kevin,CB,86,35,184,0,,psg,81.0,1,LCB,Right,Compact
57,-,,POL,9,Wjoroczek,Goran,CF,86,30,189,0,,liverpool,80.7,2,sub,Right,Compact
76,-,,POL,15,Hubsz,Janeck,CB,85,31,190,0,,dortmund,75.0,1,sub,Right,Compact
78,RCB,,BRA,15,Marlos,-,CB,85,28,189,0,,sevilla,76.0,2,sub,Right,Compact
82,-,,ALG,9,Brahimi,Naslam,CF ST,85,31,189,0,,astonvilla,76.0,3,sub,Right,Compact
83,-,,PAR,7,Ramirez,Costa,CF ST,85,31,187,0,,atleticodemadrid,75.5,3,sub,Right,Compact
97,sub,,FRA,12,Mendel,Benjo,GK,84,29,186,0,,lyon,68.0,2,GK,Right,Compact
125,-,,ITA,3,Caitil,Fabio,GK,84,34,185,0,,torino,70.0,2,GK,Right,Compact
142,CB,,GRE,8,Arkonstatopoulos,Stratis,CB,83,30,189,0,,malaga,64.0,1,sub,Right,Compact
172,-,,SWE,2,Webelan,Christian,CB,82,25,187,0,,cskamoscow,50.0,3,LCB,Right,Compact
190,-,,SCO,2,Host,Brad,GK,82,33,185,0,,celtic,57.0,3,GK,Right,Compact
242,-,,SWE,6,Dalsberg,Olssen,CB,80,35,190,0,,krasnodar,49.0,2,RCB,Right,Compact
243,-,,CIV,8,Delot,Fadi,CB,80,23,184,82,,salzburg,26.5,1,LCB,Right,Compact
274,-,,FRA,9,Kean,Gailles,CB,79,34,187,0,,lille,44.0,3,RCB,Right,Compact
278,-,,FRA,6,Kadeu,Mateo,CB,79,24,190,80,,youngboys,32.0,2,sub,Right,Compact
318,-,,AUT,12,Gudsen,Kevin-Marcs,CB,77,32,182,0,,salzburg,38.0,1,RCB,Right,Compact
392,-,,NED,12,Woorer,Halrs,CB,76,35,186,0,,az,31.0,3,sub,Right,Compact
438,-,,CIV,25,Dian,Kamon,CB,74,24,190,75,,bordeaux,12.0,3,sub,Right,Compact
441,-,,BRA,30,Antonio,-,CB,75,24,190,77,,porto,13.0,2,RCB,Right,Compact
442,-,,WAL,4,Gilbert,Dylan,CB,74,26,186,0,,porto,14.0,1,sub,Right,Compact
443,-,,NGR,14,Gabelwemi,Ebu,CB,74,28,186,0,,psv,24.2,4,RCB,Right,Compact
453,-,,KSA,25,Mohammed,Hassan,CF ST,75,28,185,0,,panathinaikos,28.5,2,sub,Right,Compact
477,-,,EST,0,Braks,Stefen,CB,72,29,185,0,,FA,0.0,0,sub,Right,Compact
531,sub,,GRE,10,Totsidis,Luis,CB,72,33,182,0,,paok,18.0,2,sub,Right,Compact
613,-,,SEN,15,Kalidba,Sammuel,CB,69,23,189,70,,toulouse,9.3,4,RCB,Right,Compact
673,-,,FRA,26,Doufi,Jonathan,CB,67,34,180,0,,strasbourg,6.8,2,sub,Right,Compact
754,-,,GUI,4,Kuyaté,Francis,CB,74,24,186,80,,napoli,22.0,3,sub,Right,Compact
828,-,,RUS,15,Voronsin,Petr,CB,73,26,189,80,,cskamoscow,18.7,2,sub,Right,Compact
838,-,,BEL,6,Kadeba,Jupp,CB,76,24,186,79,,standard,13.8,2,sub,Right,Compact
858,-,,MNE,10,Murošanin,Uroš,CB,70,22,190,80,,buducnost,1.0,1,sub,Right,Compact
865,-,,CZE,10,Ozdrenski,Micail,CF,73,25,187,77,,viktoriaplzen,15.0,1,CF,Right,Compact
893,-,,MEX,4,María,Hijeda,CB,84,26,187,86,,atleticodemadrid,29.0,2,sub,Right,Compact
916,-,,SRB,1,Jankov,Milan,GK,70,22,189,80,,vojvodina,5.0,3,sub,Right,Compact
953,-,,DEN,6,Aers,Erik,CB,86,30,190,0,,arsenal,81.0,3,RCB,Right,Compact
968,-,,AUT,28,Odafoe,Djidji,CB,73,26,185,0,,lask,12.2,2,sub,Right,Compact
1009,-,,BRA,6,Becao,Rodrygo Medina,CB,75,25,186,80,,santos,20.0,1,sub,Right,Compact
1020,-,,ARG,22,Guno,Cerez,RB,74,33,172,0,,boca,24.4,2,sub,Right,Compact
1126,-,,FRA,5,Ouard,Dirduin,RM RB,71,33,173,0,,nantes,15.5,3,RB,Right,Compact
1227,-,,MDA,7,Danayev,Bogdan,CB,67,33,182,0,,sheriff,7.2,2,sub,Left,Compact
1229,-,,JPN,8,Machida,Kueda,RB,74,31,172,0,,rangers,24.5,3,sub,Right,Compact
1230,-,,SCO,3,Lucas,Gary,CB,71,34,180,0,,rangers,15.6,2,sub,Right,Compact
1232,GK,,CIV,4,Kanam,Ibo,GK,64,28,189,0,,gagnoa,3.3,2,sub,Right,Compact
1237,sub,,GRE,17,Kiriadis,Antolis,CB,73,24,189,77,,fortuna,9.6,2,RCB,Left,Compact
41,-,,NED,20,Williams,Caiver,CF ST LW,87,28,185,0,,manchesterunited,87.0,3,sub,Right,Lean
205,-,,EGY,1,Islani,Al-Kadem,AM,81,25,175,0,,cskamoscow,23.0,1,AM,Left,Lean
354,-,,FRA,9,Sakadia,Adisunga,CB,77,24,195,78,,strasbourg,17.0,3,LCB,Right,Lean
398,-,,DRC,24,Kubake,Denis,CB,76,27,187,0,,werder,22.0,1,sub,Right,Lean
406,-,,SEN,10,Niange,Monsah,CF ST,76,25,185,0,,strasbourg,20.0,2,ST,Right,Lean
439,-,,CIV,13,Siliby,Tarrel,CB,75,31,185,0,,galatasaray,28.3,3,LCB,Left,Lean
444,-,,CMR,13,Kodele,Jouseph,CB,75,25,190,79,,strasbourg,16.0,2,CB,Right,Lean
691,-,,JPN,19,Ibuzuno,Kaisa,LW LM AM,71,23,174,72,,lille,7.0,3,sub,Right,Lean
868,-,,GAB,5,Boulanga,Abdou,ST CF,75,28,183,0,,paok,28.0,4,sub,Right,Lean
878,-,,DRC,18,Dikanbe,Malunga,CB,72,22,197,78,,rsca,1.0,1,RCB,Right,Lean
949,-,,KOR,3,Min,Dae-Woo,CM,76,25,174,79,,bologna,17.0,3,sub,Right,Lean
983,-,,CNG,3,Mapou,Jordan,CB,79,27,195,0,,celtic,21.0,1,sub,Right,Lean
1148,sub,,TUR,7,Yeldizim,Karim,CM,73,24,185,81,,antalyaspor,12.1,2,sub,Right,Lean
1217,-,,SEN,11,Baba Didu,Ismaila,CF ST,76,27,185,0,,sevilla,29.0,3,sub,Left,Lean
1218,-,,TUN,15,Ben Sehddane,Sahleel,SS AM,75,22,178,85,,az,12.0,2,sub,Left,Lean
1219,-,,ISL,24,Gustafsson,Adalfye,RW RM,69,20,180,80,,copenhagen,2.2,3,RW,Left,Lean
1222,-,,ARG,29,Dominguez,Lucas,LW LM,76,21,177,81,,juventus,37.0,4,sub,Right,Lean
1223,-,,IRL,6,McCallanough,Connor,RB,78,25,180,0,,everton,28.7,3,sub,Right,Lean
1231,-,,RUS,19,Smolnikov,Aleksandr,LW AM,67,18,178,78,,nizhniy,1.0,5,sub,Right,Lean
1234,-,,ITA,2,Valentine,Rudolfo,CB,72,32,190,0,,dinamozagreb,21.0,3,sub,Right,Lean
1235,-,,CIV,27,Touré,Abile,DM,61,18,187,81,,sochaux,1.0,5,sub,Left,Lean
5,-,,GER,1,Kahn,Jans,CF ST,91,30,191,0,,bayern,117.0,3,sub,Right,Normal
6,-,,SVK,21,Škran,Marczin,GK,90,30,197,0,,inter,116.0,4,GK,Right,Normal
7,-,,ESP,2,Moreno,Juan,LB,91,32,172,0,,barcelona,115.0,2,LB,Left,Normal
11,LCM,,FRA,8,Ram,Allan,CM,90,30,181,0,,psg,110.0,3,CM,Right,Normal
13,-,,ITA,8,Bonifaccio,Leandro,CB,89,32,196,0,,juventus,100.0,1,sub,Right,Normal
22,DM,,FRA,9,Dodoualy,Adounal,CM DM,88,25,189,89,,lyon,60.0,2,RCM,Right,Normal
29,-,,CHI,4,Diaz,Eric,CB,87,25,188,88,,barcelona,54.0,2,RCB,Right,Normal
30,-,,CZE,3,Vyrocil,Tomaš,CB,88,31,193,0,,inter,93.5,3,sub,Right,Normal
33,-,,BEL,2,Wael,Tim,CB,87,32,192,0,,tottenham,87.0,2,sub,Right,Normal
34,-,,ARG,28,Calsemior,Fabio,DM,87,31,178,0,,barcelona,87.5,3,DM,Right,Normal
42,-,,NOR,10,Frederic,Robert,CM,87,35,185,0,,basel,86.7,3,sub,Both,Normal
43,sub,,POR,4,Fela,Diogo,CM,87,33,182,0,,realmadrid,87.5,2,RCM,Left,Normal
45,LCM,,POR,10,Fernandes,Sergio,CM AM,87,25,185,88,,porto,49.0,2,RCM,Right,Normal
46,-,,GER,15,Ben-Haase,Thomas,GK,87,33,187,0,,bayern,87.3,1,GK,Right,Normal
54,DM,,BRA,14,Corenjo,Guaro,DM,86,30,178,0,,milan,82.0,3,sub,Right,Normal
55,-,,NED,2,Dast,Robin,CM,82,33,180,0,,feyenoord,58.0,3,RCM,Right,Normal
58,-,,HUN,3,Lavrenovics,Marton,CF ST,84,29,186,0,,cskamoscow,71.0,3,CF,Right,Normal
60,-,,SUI,4,Freuer,Chris,CM,86,32,183,0,,dortmund,81.3,2,sub,Right,Normal
61,RCM,,FRA,16,Mattias,George,CM,86,29,180,0,,juventus,82.0,3,sub,Right,Normal
64,-,,URU,8,Hernandes,Gerald,CM DM,86,29,179,0,,manchestercity,80.8,3,sub,Right,Normal
65,-,,ITA,12,Scadella,Giliamo,GK,83,28,186,0,,milan,64.0,2,GK,Right,Normal
66,sub,,BRA,9,Alberto,Fernando,GK,86,33,189,0,,barcelona,80.7,2,GK,Right,Normal
75,sub,,BRA,10,Gustavo Augusto,Victor,ST SS AM,85,27,180,0,,monaco,76.0,2,AM,Right,Normal
79,-,,MEX,10,Saul,Alejandro,CM DM,85,30,180,0,,atleticodemadrid,75.5,3,sub,Right,Normal
95,-,,GER,5,Jurel,Tomas,GK,85,30,185,0,,arsenal,75.0,3,GK,Right,Normal
107,-,,NED,4,Duyk,Stiven,CB,84,34,185,0,,everton,69.0,1,sub,Right,Normal
109,-,,SRB,2,Dejanović,Aleksandar,CB,82,34,192,0,,schalke,58.6,1,sub,Right,Normal
209,-,,RUS,18,Goncharenko,Nikolay,CB,81,27,194,0,,cskamoscow,36.0,1,RCB,Right,Normal
213,-,,CZE,12,Bedarek,Andrej,CB,81,31,193,0,,southampton,54.0,2,sub,Right,Normal
240,sub,,FRA,8,Cornet,Liam,CB,80,30,185,0,,bordeaux,48.4,3,LCB,Right,Normal
273,-,,GER,14,Benedict,Draht,CB,79,35,198,0,,basaksehir,44.1,2,sub,Right,Normal
312,-,,SUI,18,Ababa,Zarick,CB,78,23,189,79,,basel,19.5,2,sub,Right,Normal
313,-,,DEN,4,Gjudorssen,Hanse,CB,77,34,186,0,,copenhagen,35.1,3,RCB,Right,Normal
351,-,,FRA,7,Ardouar,Dwaen,CB,77,30,186,0,,bordeaux,35.0,3,RCB,Right,Normal
440,-,,ARG,12,Romero,Alvaro,CB,75,24,184,76,,montpellier,19.0,2,LCB,Right,Normal
473,-,,SVK,14,Holeč,Stefanislav,CB,74,22,188,76,,lazio,22.0,3,sub,Right,Normal
474,-,,FRA,24,Abadie,Jean-Veron,CB,74,23,184,76,,lyon,13.0,3,sub,Right,Normal
475,-,,NED,12,Haalgert,Jan Kalver,CB,74,36,198,0,,psv,24.0,2,sub,Right,Normal
476,-,,CRO,18,Rudžek,Davornik,CB,74,24,184,75,,strasbourg,8.0,1,RCB,Right,Normal
581,-,,FRA,26,Felauer,Tony,CB,70,34,184,0,,asse,12.8,2,sub,Right,Normal
585,-,,SRB,28,Popović,Nemanja,CB,70,22,188,80,,olympiacos,12.5,3,LCB,Right,Normal
730,-,,FIN,70,Nel,Arenem,GK,62,18,201,78,,lazio,1.0,5,sub,Left,Normal
880,-,,FRA,2,Chardenier,Lenglane,CB,72,31,183,0,,lille,18.2,2,LCB,Right,Normal
964,sub,,GRE,17,Cheurlakis,Luntzis,CB,71,29,188,0,,olympiacos,15.1,1,RCB,Right,Normal
1036,-,,ISL,5,Arnaldsson,Jasper,CB,75,23,193,85,,bologna,18.5,2,sub,Right,Normal
1074,sub,,TUR,3,Barih,Ilkay,LB,70,32,174,0,,fenerbahce,13.4,2,sub,Left,Normal
1151,-,,BRA,12,Samtiano,Luis Gustavo,RB,73,25,180,76,,santos,6.4,1,sub,Right,Normal
1214,-,,KOR,14,Kwan,Wang-Hyeung,LW,73,24,176,78,,az,16.8,2,sub,Right,Normal
1215,-,,CZE,7,Hodnik,Lukasz,CB LB,74,26,185,76,,spartapraha,13.0,1,sub,Left,Normal
1216,-,,GER,9,Kainzweiggler,Artur,CF,76,28,193,0,,werder,37.0,4,sub,Right,Normal
1220,-,,NOR,19,Zackharin,Harald,AM,69,24,173,73,,copenhagen,4.5,1,sub,Right,Normal
1221,-,,BRA,1,Palmin Gustavo,Jose Luis,CB,78,25,190,81,,corinthians,17.0,2,sub,Right,Normal
1224,-,,BEL,9,Kevelen,Tomas,CF,75,26,192,76,,cerclebrugge,12.0,1,CF,Right,Normal
1225,-,,ITA,13,Dovedella,Marco,DM,78,29,187,0,,milan,40.0,2,sub,Right,Normal
1226,-,,GER,6,Schtrenz,Felix,RW RM,77,25,178,80,,werder,30.0,3,sub,Left,Normal
1228,-,,SRB,5,Stanić,Milan,CB,71,32,185,0,,parisfc,16.1,2,sub,Right,Normal
1233,-,,ITA,8,Comuzzo,Toni,CB,69,20,184,74,,torino,1.5,3,sub,Right,Normal
1236,-,,NED,29,Hasi,Remem,RM RW,69,19,169,76,,feyenoord,1.0,4,sub,Left,Normal
1238,-,,GER,10,Drumsch,Gregor,SS ST,71,33,175,0,,fortuna,17.0,3,SS,Right,Normal
144,sub,,BRA,3,Carlos Gomes,-,CB,83,26,193,85,,valencia,46.0,1,LCB,Right,Ripped
149,-,,CMR,8,Sagal,Gavier,ST CF,83,25,186,0,,lazio,33.0,1,CF,Right,Ripped
215,-,,NGR,18,Williamé-Dessien,Adegui,CB,84,30,187,0,,juventus,69.2,2,sub,Right,Ripped
241,-,,AUT,8,Embileck,Jaram,CB,80,24,190,0,,gladbach,25.0,1,sub,Right,Ripped
1161,-,,POR,9,Martins,Thiago,RW RM,77,29,180,0,,lokomotivmoscow,37.5,3,sub,Left,Ripped
17,-,,ENG,18,Ben,Ryan,CB,88,31,202,0,,tottenham,93.5,3,sub,Right,Slim
279,-,,BEL,2,Clenet,Liamonc,CB DM,79,33,188,0,,genk,43.7,3,sub,Left,Slim
469,-,,JPN,16,Yamuro,Sanuki,LB LM,75,24,173,0,,salzburg,15.7,2,LM,Left,Slim
548,-,,MLI,2,Diame,Lato,LB LM,72,22,178,81,,sochaux,1.0,1,LB,Left,Slim
583,-,,FRA,37,Rebatski,Peter,CB,69,31,185,0,,montpellier,11.0,1,sub,Right,Slim
1091,-,,SEN,11,Diow,Badamie,LW,67,19,179,78,,rennais,1.0,3,LW,Right,slim
1135,-,,ITA,23,Chiancellini,Luca,DM,70,19,186,88,,empoli,1.0,4,DM,Right,Slim
1,-,,NED,10,Desheven,Georgie,ST CF,93,28,187,0,,barcelona,130.0,3,CF,Right,-
2,-,,GER,12,Denhager,Manuel,CB,91,32,193,0,,dortmund,117.0,2,sub,Left,-
3,CF,,FRA,9,Insite,Dale,ST CF,92,29,186,0,,monaco,122.0,4,CF,Right,-
9,CF,,BRA,10,Gustavo,Luisinho,ST CF,90,29,188,0,,milan,108.0,3,sub,Right,-
10,-,,ITA,10,Piazi,Tony,CM,90,31,180,0,,juventus,111.0,3,sub,Right,-
12,-,,ESP,7,Pereyra,Carlos,AM SS RW,89,31,185,0,,valencia,103.0,3,RW,Left,-
14,-,,SEN,20,Adebaye,Ian,DM,89,30,187,0,,arsenal,101.0,3,DM,Right,-
15,sub,,FRA,9,Poresan,Adrian,ST CF,89,27,189,0,,asse,77.0,3,CF,Right,-
16,LW,,BRA,10,Selaze,Joao,ST CF LW,89,29,180,0,,psg,100.0,4,CF,Right,-
18,-,,CZE,6,Nedelec,Kedar,CF,87,29,188,0,,roma,87.0,2,sub,Right,-
19,-,,GER,10,Eger,Tomas,CF ST,88,24,188,90,,schalke,49.0,2,sub,Right,-
20,-,,RUS,28,Ignashevich,Egor,CF ST,88,29,187,0,,spartakmoscow,95.0,3,CF,Right,-
21,RCM,,POR,11,Cassadia,Victor,CM AM,88,31,183,0,,realmadrid,93.7,3,LCM,Right,-
23,-,,ESP,2,Ibanez,Juan,GK,88,28,197,0,,valencia,93.5,2,GK,Left,-
24,-,,GER,10,Wetzmeller,Stefen,LW SS AM,88,26,177,0,,salzburg,83.0,1,LW,Right,-
25,-,,ITA,2,Ambrossio,Antonio,RB,88,30,178,0,,juventus,95.0,3,sub,Right,-
26,AM,,BRA,7,De Leminues,Santos,AM,87,29,179,0,,tottenham,87.5,2,sub,Left,-
27,sub,,BRA,7,Nacao,Rodrigo,AM LW,87,28,176,0,,realmadrid,87.0,3,LW,Right,-
28,-,,ITA,6,Ascera,Luca,CB,87,33,187,0,,milan,88.0,1,sub,Right,-
31,-,,URU,11,Suarez,Lisandro,CB,87,28,187,0,,manchestercity,86.7,3,sub,Right,-
35,sub,,FRA,8,Gainaro,Leivo,ST CF,87,32,187,0,,arsenal,87.0,2,CF,Right,-
36,-,,VEN,17,Caradia,Elzan,ST CF,87,31,189,0,,benfica,88.0,3,CF,Right,-
38,-,,ARG,9,Canaro,Augusto,ST CF,87,34,184,0,,juventus,87.0,1,sub,Left,-
39,-,,DEN,9,Niklaasen,Casper,CF ST,87,28,189,0,,salzburg,87.0,1,CF,Right,-
44,-,,ESP,12,Partiol,Lucas,CM,87,30,179,0,,sevilla,87.0,3,sub,Right,-
47,GK,,BRA,7,Neto,-,GK,87,29,192,0,,chelsea,87.0,3,GK,Right,-
48,GK,,FRA,15,Harris,Jonathan,GK,87,31,196,0,,psg,86.8,1,GK,Right,-
49,LB,,BRA,2,Jesis,Neto,LB,87,29,175,0,,manchestercity,88.0,3,sub,Left,-
50,-,,SCO,9,Forest,Gilles,RW ST,87,30,181,0,,manchestercity,87.5,2,sub,Left,-
51,RCB,,FRA,6,Mearre,Antoan,CB,86,28,187,0,,manchestercity,82.0,4,sub,Left,-
53,-,,ESP,20,Baregas,Ciro,CB,86,34,186,0,,realmadrid,82.0,2,LCB,Right,-
56,-,,FRA,16,Nensante,Villem,CF ST,86,26,186,0,,celtic,80.8,4,sub,Right,-
59,-,,GER,7,Baddster,Nick,CM,86,32,182,0,,bayern,81.0,1,sub,Right,-
62,-,,ROU,10,Stefancu,Niculaie,CM AM,86,28,183,0,,inter,81.0,4,sub,Right,-
63,-,,ESP,3,Raya Pinto,Jose,CB,76,36,183,0,,villarreal,30.0,2,sub,Right,-
67,-,,ARG,13,Collazo,Joao,LB LM,86,28,172,0,,psg,80.5,3,LB,Left,-
68,RB,,POR,24,Guerreiro,-,RB,86,28,176,0,,bayerleverkusen,82.0,2,RB,Right,-
69,RB,,FRA,2,Adestelo,Gervonte,RB,86,30,186,0,,realmadrid,82.0,3,RB,Right,-
70,-,,ENG,9,Joe,Allen,RB RM CM,86,32,176,0,,chelsea,83.0,2,sub,Right,-
71,RW,,BRA,3,Zizu,Zuninho de Junior,RW,86,28,176,0,,barcelona,80.7,3,RW,Left,-
72,-,,ESP,1,Andrevilla,Capal,CM AM,85,31,181,0,,bilbao,77.0,3,sub,Right,-
73,-,,FRA,10,Vassan,Niguel,AM SS,85,29,175,0,,sevilla,75.0,3,sub,Left,-
74,-,,JPN,5,Endo,Hami,AM RW SS,85,28,176,0,,schalke,74.7,2,sub,Left,-
77,sub,,FRA,5,Savon,Marco,CB,85,31,185,0,,lyon,74.6,3,RCB,Right,-
80,CM,,BRA,3,Imaila,Zuan,DM CM,85,23,177,86,,gremio,23.0,2,sub,Right,-
81,-,,NED,3,der Wurt,Roon,DM,85,32,184,0,,realmadrid,75.0,2,DM,Right,-
84,-,,ITA,10,Lazenni,Peronio,ST CF,85,29,180,0,,napoli,76.0,3,sub,Left,-
85,-,,BEL,4,Mairazu,Amir,ST CF,85,28,183,0,,psv,75.0,3,CF,Right,-
86,-,,ESP,8,Rodriguez,Jarry,ST CF,85,31,184,0,,tottenham,75.4,2,sub,Right,-
87,sub,,BRA,10,Cezaro,Carlo,ST CF,85,30,187,0,,zenit,76.2,1,sub,Right,-
88,-,,GER,7,Vuller,Neus,CM,85,27,178,0,,dortmund,73.0,3,sub,Right,-
89,-,,SVN,5,Jović,Fran,CM,85,27,183,0,,monaco,75.0,3,CM,Right,-
90,-,,SWE,12,Emil,Alders,CM,85,30,184,0,,psg,74.5,2,sub,Both,-
91,-,,BUL,10,Azejin,Martin,CM AM,85,34,183,0,,rsca,76.5,1,AM,Both,-
92,-,,UKR,26,Fedolovich,Nikolay,CM AM,85,33,182,0,,dynamokyiv,77.0,3,AM,Right,-
93,-,,CRO,11,Biršević,Toni,CM AM,83,33,181,0,,cskamoscow,63.7,3,RAM,Right,-
94,sub,,FRA,6,Michaels,Fler,CM DM,85,29,182,0,,psg,75.0,2,DM,Right,-
96,-,,NIR,2,Maddison,Gary,GK,85,31,194,0,,manchesterunited,75.4,2,GK,Right,-
98,-,,URU,1,Armano,Lucas,GK,83,31,186,0,,realmadrid,63.6,2,GK,Left,-
99,-,,ESP,6,Carlos,Juan Andreas,LW SS,85,27,176,0,,barcelona,75.3,3,LW,Right,-
100,LW,,FRA,10,Tremis,Antoan,LW AM,85,31,180,0,,marseille,74.7,3,LW,Both,-
101,-,,GHA,9,Gyias,Josh,LW ST,85,30,183,0,,milan,75.8,2,sub,Right,-
102,-,,ECU,14,Quartez,Iván,RB,85,28,176,0,,barcelona,76.0,3,RB,Right,-
103,-,,ENG,10,Lewison,Michael,RW ST CF,85,30,184,0,,everton,75.0,3,sub,Left,-
104,-,,ESP,8,Sene,Marqisio,AM,84,22,173,85,,barcelona,1.0,3,AM,Both,-
105,-,,ALB,18,Ramizaj,Elmis,AM SS,79,30,178,0,,napoli,44.0,3,sub,Right,-
106,-,,GER,17,Litenhainer,David,CB,84,33,189,0,,bayerleverkusen,70.0,1,LCB,Right,-
108,sub,,BRA,4,Bede,-,CB,84,32,188,0,,monaco,70.0,2,RCB,Right,-
110,DM,,TUR,20,Tocun,Ahmet,DM,84,29,182,0,,bayern,69.0,3,sub,Right,-
111,-,,ARG,18,Veron,Lucas,DM CM,84,30,179,0,,inter,69.0,2,sub,Right,-
112,-,,ENG,10,Stevens,Robbie,DM CM,84,32,181,0,,liverpool,70.0,2,sub,Right,-
113,-,,ITA,12,Lavrettini,Mikel,ST CF,84,27,187,0,,feyenoord,70.0,3,CF,Right,-
114,-,,USA,20,Rose,Bryan,ST SS,84,34,178,0,,galatasaray,71.5,1,SS,Right,-
115,-,,BEL,4,Rachard,Nickey,ST CF,84,29,182,0,,manchesterunited,69.0,3,sub,Right,-
116,-,,ANG,10,Marcaes,Renato,ST SS,84,31,180,0,,olympiacos,75.0,2,SS,Right,-
117,-,,CHI,14,Vargas,Elare,ST SS,84,27,178,0,,manchestercity,65.0,3,sub,Left,-
118,-,,WAL,11,Cairnwey,Steven,CM,84,31,178,0,,arsenal,69.5,2,RCM,Right,-
119,-,,GER,8,Hernart,Lart,CM,84,23,179,86,,bayerleverkusen,60.0,4,LCM,Left,-
120,-,,GER,8,Phillips,Marc,CM,84,29,180,0,,bayern,70.0,3,sub,Right,-
121,-,,ITA,12,Matteo,Andre,CM,82,29,177,0,,inter,59.5,3,sub,Right,-
122,-,,ESP,10,Navar,Elas,CM,84,31,180,0,,malaga,69.5,2,sub,Right,-
123,sub,,BRA,8,Amateus,Antonio Silva Mateus,DM CM,84,28,178,0,,benfica,70.0,1,DM,Right,-
124,DM,,POR,6,Eite,Alvaro,DM CM,84,32,177,0,,porto,70.0,3,DM,Right,-
126,-,,URU,6,Cerspe,Enzo,LB,84,29,175,0,,atleticodemadrid,69.0,3,sub,Left,-
127,-,,IRN,8,Bendaddi,Rahmedi,LB CB,84,28,182,0,,inter,69.0,4,sub,Left,-
128,LB,,FRA,4,Erkwane,Antonio,LB,84,28,177,0,,lyon,70.0,3,LB,Left,-
129,RB,,TUR,8,Cegari,Saglan,RB,84,28,178,0,,milan,69.5,4,sub,Right,-
130,-,,ENG,34,Callburn,Marc,RB,84,24,179,0,,chelsea,45.0,3,sub,Right,-
131,-,,ESP,4,Berto,Felipe,RB,84,31,174,0,,sevilla,70.0,2,sub,Right,-
132,sub,,FRA,4,Genlet,Mar-Ardouar,RB RM,84,25,180,0,,bordeaux,37.2,2,RB,Right,-
133,RW,,POR,14,Gaicans,Perro,RW SS,84,24,179,86,,sportinglisabon,40.0,2,RW,Left,-
134,-,,ARG,20,Hernandez,Amoroine,AM SS,83,26,176,0,,inter,55.0,2,sub,Right,-
135,-,,NED,5,Svensen,Rik,AM,83,23,178,85,,psv,45.0,3,AM,Right,-
136,-,,GER,13,Abitszar,Kamil,AM,83,30,179,0,,stuttgart,63.5,2,sub,Both,-
137,-,,BRA,10,Anderson,William,SS ST,83,29,177,0,,celtic,63.9,3,sub,Right,-
138,-,,ITA,6,Centano,Andreas,AM RW SS,83,23,180,85,,lazio,44.0,3,RAM,Left,-
139,-,,CMR,13,Lagaba,Mourrier,CB,83,28,194,0,,arsenal,63.5,3,LCB,Left,-
140,-,,GER,13,Greifer,Oskar,CB,83,27,186,0,,gladbach,43.0,1,sub,Right,-
141,-,,BRA,3,Ivano,Felipes,CB,83,25,188,0,,lazio,43.0,3,LCB,Right,-
143,sub,,FRA,3,Ardiok,Gair,CB,83,29,185,0,,manchesterunited,63.5,3,sub,Left,-
145,-,,ITA,7,Saneli,Vitorio,CB RB,83,35,185,0,,sampdoria,63.5,3,sub,Right,-
146,-,,NED,5,Salitandjo,Alex,DM,83,23,185,85,,feyenoord,40.0,1,DM,Right,-
147,sub,,POR,13,Jeivéle,Carlos,DM,83,28,184,0,,sportinglisabon,65.0,2,DM,Right,-
148,-,,ARG,6,Encapar,Fenerico,DM,83,29,178,0,,villarreal,63.5,3,sub,Right,-
150,-,,SWE,11,Lener,Alexander,CF ST,76,27,191,0,,malaga,23.5,2,sub,Right,-
151,-,,FRA,3,Ledese,Arduar,ST CF,83,25,187,0,,nice,38.0,2,CF,Left,-
152,-,,ITA,10,Sossale,Tolan,ST CF,83,26,181,85,,torino,49.0,2,sub,Right,-
153,-,,NED,10,Von Herligt,Junner,CM,83,20,182,86,,ajax,1.0,3,LCM,Right,-
154,-,,ALB,3,Janz,Mirgjin,CM,83,26,179,0,,basaksehir,65.0,3,sub,Right,-
155,-,,ESP,8,Jerrera,Fernando,CM,83,29,179,0,,liverpool,63.5,2,sub,Left,-
156,-,,AUT,4,Stehlanger,Albert,CM,83,28,179,0,,salzburg,63.7,2,CM,Right,-
157,sub,,POR,11,Da Camras,Frans,CM,83,35,181,0,,guimaraes,63.5,3,sub,Right,-
158,-,,ESP,10,Isas,Diego Luis,CM AM,83,31,174,0,,valencia,63.2,1,LCM,Left,-
159,GK,,POR,23,Mauricio,Erique,GK,80,33,189,0,,benfica,49.3,2,GK,Right,-
160,-,,COL,12,Jualarán,Pentro,LB,83,26,177,0,,tottenham,64.0,3,sub,Left,-
161,sub,,POR,9,Grimao,Andre,LB LM,83,25,175,87,,sportinglisabon,34.4,1,LB,Left,-
162,-,,RSA,3,Zeah,Qashandalama,RW SS,83,23,177,84,,fulham,34.0,2,sub,Left,-
163,-,,GER,10,Hane,Lezett,LW,83,23,175,85,,koln,29.5,2,LW,Right,-
164,-,,GER,3,Wude,Nurbert,LW AM,83,23,175,85,,dortmund,40.0,3,sub,Right,-
165,-,,BEL,12,Cahrisovyi,Gilles,RB,83,32,175,0,,rsca,64.0,2,RB,Right,-
166,-,,FRA,7,Torrane,Eduarde,RB,83,25,179,0,,lyon,41.0,2,RB,Right,-
167,-,,KOR,4,Sang,Kim-Yeong,CM,83,29,175,0,,arsenal,64.0,3,LCM,Right,-
168,-,,CHI,40,Caya,Gaston,RW RM,83,24,174,84,,realmadrid,49.0,3,RW,Left,-
169,-,,ITA,10,Boressi,Andrea,AM SS,82,35,172,0,,sampdoria,59.0,2,sub,Right,-
170,RW,,FRA,4,Quersant,Graham,RW AM,82,26,179,0,,nice,58.0,1,RAM,Left,-
171,-,,SUI,17,de Braagi,Alex,CB,82,33,191,0,,barcelona,58.5,1,LCB,Right,-
173,-,,BRA,5,Celon,Raulo,CB,82,25,187,83,,everton,26.0,2,sub,Right,-
174,-,,FRA,3,Khadza,Steve,CB,82,34,183,0,,monaco,58.5,2,LCB,Right,-
175,-,,ARG,11,Fabrizio,Otavian,CB,82,31,185,0,,lyon,58.7,2,LCB,Right,-
176,-,,MKD,7,Eridzi,Ajlem,DM,82,29,178,0,,basaksehir,58.0,2,sub,Left,-
177,-,,URU,16,Fortanes,Kelyan,DM,82,30,178,0,,monaco,58.0,3,DM,Right,-
178,sub,,FRA,2,Tuerrier,Amir,DM,82,29,179,0,,nice,58.0,2,DM,Right,-
179,-,,COL,14,Eranga,Claudio,DM,82,26,177,84,,salzburg,37.0,2,DM,Right,-
180,-,,NED,9,Van Neil,Klaas,CF,82,33,193,0,,ajax,60.0,3,CF,Left,-
181,sub,,TUR,6,Erasovas,Guilimir,CF,82,27,192,0,,basaksehir,59.0,3,sub,Right,-
182,-,,DEN,12,Gildeberg,Rasmus,ST CF,82,30,184,0,,bayerleverkusen,58.5,2,CF,Right,-
183,sub,,FRA,7,Ramil,Azoluai,ST CF,82,27,185,0,,marseille,59.7,1,CF,Right,-
184,-,,URU,10,Gomez,Julian,ST CF,82,30,180,0,,realsociedad,60.0,3,sub,Right,-
185,-,,ARG,8,Elefarette,Juanchu,SS AM,82,30,174,0,,napoli,60.0,2,sub,Left,-
186,-,,NGR,6,Jamal,Aewu,ST RW,82,24,178,83,,crystalpalace,42.0,2,sub,Left,-
187,-,,ESP,5,Ramos,Alan,CM,82,28,180,0,,roma,58.0,4,sub,Right,-
188,-,,ARG,2,Lessandro,-,CM AM,82,27,176,0,,psg,58.5,2,LAM,Right,-
189,-,,GER,11,Sven,Yurff,GK,82,28,183,0,,dortmund,59.0,4,GK,Left,-
191,-,,ARG,2,Perez,Alaran,LB,82,30,173,0,,milan,59.0,2,sub,Left,-
192,-,,ALB,3,Jirzhum,Alem,LB,82,27,175,0,,rsca,59.0,2,LB,Left,-
193,LB,,POR,16,Fereiro,Alen,LB,82,28,177,0,,benfica,58.3,2,LB,Left,-
194,sub,,FRA,3,Bailley,Leano,LB,82,26,178,0,,chelsea,53.0,3,sub,Left,-
195,-,,FRA,11,Angalvan,Derreck,LB,75,27,181,0,,monaco,21.0,1,LB,Left,-
196,sub,,FRA,6,Cossouer,Joao,LW SS AM,82,22,175,86,,lyon,32.0,2,LW,Right,-
197,-,,BEL,26,Baumkneer,Marc,RB,82,24,175,83,,genk,39.0,3,sub,Right,-
198,-,,URU,6,Lugano,Antonio,RB,82,29,176,0,,napoli,58.3,2,sub,Right,-
199,RB,,BRA,22,Nesalera,Alion,RM RB,82,25,177,83,,ajax,25.0,1,RB,Right,-
200,-,,GER,3,Grobe,Julian,RW,82,24,176,83,,bayerleverkusen,39.0,3,RW,Left,-
201,sub,,POR,4,Ruan,Zuren Junior,RM RW,82,24,175,83,,braga,34.0,2,RW,Left,-
202,-,,CAR,8,Mamadou,Akhono,DM CM AM,82,28,179,0,,chelsea,58.0,3,sub,Right,-
203,AM,,TUR,11,Chunguzrari,Ali,AM,81,26,180,0,,astonvilla,39.4,2,sub,Right,-
204,-,,SRB,11,Aranđelović,Aleksandar,AM,81,24,182,0,,benfica,44.0,3,AM,Right,-
206,-,,CZE,4,Hičzi,Tomaš,AM,81,22,175,83,,viktoriaplzen,20.0,3,AM,Right,-
207,-,,FRA,8,Duehason,Pieter,AM CM,81,33,179,0,,strasbourg,54.0,3,CM,Right,-
208,-,,NOR,6,Winds,Jernal,AM RM,81,29,177,0,,newcastle,54.0,2,sub,Left,-
210,-,,BRA,16,Pronense,Marcellas,CB,81,25,188,83,,nice,29.0,3,RCB,Left,-
211,-,,BRA,23,Tinialdo,Pinaro,CB,81,26,183,0,,realmadrid,36.0,1,sub,Both,-
212,-,,ARG,6,Feran,Parasscente de Nildo,CB,81,29,188,0,,salzburg,53.0,2,CB,Right,-
214,-,,ESP,2,Mirante,-,CB,81,32,187,0,,villarreal,53.0,1,sub,Right,-
216,-,,CHI,5,Sanches,Pablo,DM,81,27,179,0,,rsca,53.2,2,DM,Right,-
217,-,,BEL,3,Stelnex,Kriesse,DM,81,22,181,85,,standard,9.0,1,sub,Right,-
218,-,,DRC,6,Dekole,Mandien,DM CB,81,26,188,82,,tottenham,46.0,2,sub,Right,-
219,-,,POL,14,Kraikowiak,Marcin,DM,81,27,182,0,,fiorentina,54.0,2,sub,Right,-
220,-,,MEX,12,Janvirez,Salvaro,ST CF,81,26,180,82,,fulham,49.3,2,sub,Right,-
221,-,,FRA,9,Sokhonali,Aradel,CF,79,25,191,0,,montpellier,28.0,2,CF,Right,-
222,ST,,GRE,22,Saikitis,Petros,ST SS,81,29,178,0,,standard,53.5,2,sub,Right,-
223,-,,CMR,11,Muibadji,Giamu,CF,81,28,191,0,,villarreal,53.5,3,sub,Right,-
224,-,,GHA,4,Nasi Gueye,Hasima,ST CF RW,81,28,188,0,,sampdoria,54.0,2,sub,Left,-
225,-,,ESP,10,Joni,Arturo,CM,81,23,177,85,,betis,47.5,3,sub,Left,-
226,-,,IRN,4,Regzuai,Zahar,CM RM,81,29,176,0,,clubbrugge,54.0,3,sub,Right,-
227,-,,FRA,2,Degradenel,Bioron,GK,81,28,198,0,,bordeaux,53.2,2,GK,Right,-
228,-,,SRB,9,Jovanović,Petar,GK,81,25,190,84,,genk,35.0,2,GK,Right,-
229,-,,ALG,3,Zaris,Ailam,LB,81,28,173,0,,psv,53.0,3,LB,Left,-
230,-,,BRA,18,Dominiques,Lucho,LB,81,28,178,0,,zenit,53.7,2,sub,Left,-
231,-,,ARG,2,Lara,Bastian,LW,81,26,175,0,,gladbach,38.0,2,sub,Right,-
232,-,,ALG,16,Boghoulades,Ghazil,RB,78,26,176,0,,psv,32.0,2,RB,Right,-
233,sub,,POR,8,Risardo,Bruno,RB,81,27,179,0,,porto,44.0,1,RB,Right,-
234,-,,CMR,12,Abouacar,Kahudi,RW RM,81,33,176,0,,porto,53.0,2,RW,Left,-
235,-,,ITA,10,Felici,Manuel,AM,80,31,168,0,,fenerbahce,49.5,2,sub,Right,-
236,-,,ESP,10,Moreno,Einaro,AM SS,80,29,176,0,,lazio,50.4,3,AM,Right,-
237,-,,ENG,10,Hunter,Johnson,ST SS,80,26,179,0,,manchestercity,48.5,3,sub,Right,-
238,sub,,FRA,6,Leconse,Lemar,RW RM AM,80,26,176,0,,asse,29.6,2,RAM,Left,-
239,sub,,GRE,1,Kianikkalis,Lucas,CB,69,30,188,0,,paok,12.0,2,sub,Right,-
244,-,,ESP,1,Pineralles,Juan Aleix,CB,76,32,192,0,,valencia,32.4,4,RCB,Left,-
245,-,,NGR,28,Médo,Ahmed,DM,72,24,183,74,,valencia,8.4,2,sub,Right,-
246,-,,BRA,8,Merder,-,DM,80,32,177,0,,zenit,49.0,2,sub,Right,-
247,sub,,POR,8,Meireres,Hugo,DM CM,82,30,181,0,,sportinglisabon,48.0,3,RCM,Right,-
248,-,,ESP,12,Coristea,Marco,DM CM,74,27,178,0,,valencia,20.0,2,sub,Right,-
249,-,,CHI,9,Borres,Juansan,CF ST,80,31,185,0,,gladbach,49.0,4,sub,Right,-
250,-,,RUS,10,Antonov,Misha,ST CF,80,29,186,0,,dynamomoscow,50.0,2,sub,Right,-
251,-,,GER,6,Offner,Henrich,ST,80,25,182,0,,hoffenheim,37.0,2,ST,Right,-
252,sub,,POR,1,Adiegon,Matias,CF ST,80,33,186,0,,porto,48.0,4,CF,Right,-
253,-,,IRL,40,McCarthy,Greg,ST SS CF,80,29,179,0,,southampton,48.5,3,sub,Right,-
254,-,,MOR,12,Bensares,Neiheri,CM DM,81,23,178,83,,ajax,37.3,2,RCM,Right,-
255,-,,SUI,6,Schur,Daniel,CM,80,24,180,0,,basel,30.0,3,sub,Right,-
256,sub,,BRA,3,Luis,Mariao,CM DM,80,29,178,0,,lyon,48.5,3,DM,Right,-
257,-,,TUR,24,Emre-Azer,Demircan,GK,73,33,184,0,,basaksehir,23.0,3,GK,Right,-
258,-,,ITA,5,Motaron,Marel,GK,80,23,186,83,,juventus,30.0,1,GK,Both,-
259,-,,ALG,15,Felgham,Mouriss,GK,80,26,186,82,,nice,32.0,2,GK,Right,-
260,-,,FRA,2,Rodrigues,Justin,GK,80,32,189,0,,psv,48.0,1,GK,Right,-
261,-,,BRA,12,Emer,-,LM LW,80,33,177,0,,galatasaray,52.0,3,LM,Right,-
262,-,,FRA,26,Gavy,Franck,RB,80,25,175,0,,lazio,48.3,2,RB,Right,-
263,-,,ESP,8,Cresempo,Lucas,RB,80,27,175,0,,betis,42.0,3,sub,Right,-
264,-,,GHA,20,Tar,Kyon,RB CB,80,27,179,0,,atleticodemadrid,48.5,2,sub,Right,-
265,-,,ESP,13,Javingez,Rony,RW,79,23,178,83,,realsociedad,18.0,1,sub,Left,-
266,-,,ESP,7,Lopes,Alex,RW,80,27,177,0,,sevilla,48.5,3,sub,Left,-
267,-,,PAN,10,Ruben,Ruiz,RW ST,80,24,179,85,,lyon,37.0,3,RW,Left,-
268,-,,SRB,9,Jovičić,Stefan,AM CM,74,25,177,75,,bordeaux,15.2,1,AM,Right,-
269,-,,ESP,12,Fernandes,Duro,AM CM,79,29,178,0,,betis,44.0,3,sub,Right,-
270,-,,ROU,8,Casvaru,Marius,AM RW,79,23,179,80,,ajax,29.5,3,RW,Left,-
271,sub,,FRA,11,Bernaudés,Strooman,AM CM RW,80,32,174,0,,psg,47.5,2,RAM,Both,-
272,RCB,,GRE,34,Derafakis,Gravanis,CB,79,32,186,0,,barcelona,46.0,2,sub,Right,-
275,-,,BRA,7,Tolian,Christian,CB,79,30,183,0,,psv,43.6,2,LCB,Right,-
276,-,,WAL,8,Ward,Sam,CB,79,31,188,0,,southampton,44.0,1,sub,Right,-
277,-,,ARG,20,Meder,Ranc,CB,79,35,178,0,,sportinglisabon,44.0,2,RCB,Both,-
280,-,,ARG,17,Gaitan,Serantan,DM,79,33,177,0,,braga,44.0,1,DM,Right,-
281,-,,CIV,18,Deide,Luc,DM,72,28,179,0,,malaga,18.2,2,sub,Right,-
282,DM,,GRE,4,Zietsasi,Iris,DM,79,30,180,0,,paok,44.5,2,sub,Left,-
283,-,,ANG,15,Bargán,Gustavo,DM,75,27,178,0,,psv,27.0,2,DM,Right,-
284,-,,GER,80,Brown,Jaren,ST,79,32,180,0,,hsv,44.0,2,ST,Right,-
285,-,,ESP,5,Sorens,Thiago,ST SS CF,79,28,178,0,,stuttgart,44.0,3,sub,Right,-
286,-,,DEN,9,Jorgensen,Andreas,CF,79,28,197,0,,newcastle,44.5,4,sub,Right,-
287,-,,ITA,9,Pazzinelli,Andrea,CM,79,23,180,81,,fiorentina,34.0,3,sub,Right,-
288,-,,CHI,6,Aroyo,Felipe,CM,79,27,178,0,,galatasaray,44.5,3,CM,Right,-
289,-,,FRA,9,Gersan,Kamil,CM,79,33,179,0,,marseille,44.0,3,LCM,Right,-
290,-,,MOR,1,Ali,Garram,CM,75,24,179,77,,psv,18.4,3,CM,Right,-
291,-,,ARG,17,Palacio,Juan,CM AM,79,35,178,0,,psg,43.5,1,AM,Right,-
292,-,,USA,15,Kell,Danny,CM AM,79,23,181,80,,schalke,30.0,3,sub,Right,-
293,-,,BRA,5,Vinha,Danielo,CM DM,76,27,174,0,,sportinglisabon,33.0,3,LCM,Right,-
294,-,,ESP,25,Rojas,Pablo,CM RM,79,27,178,0,,barcelona,43.8,3,CM,Right,-
295,-,,ARG,2,Rocer,Hugo,GK,79,30,182,0,,malaga,43.5,2,GK,Right,-
296,sub,,POR,1,Portele,Hugo,GK,79,21,194,91,,psg,40.0,3,sub,Right,-
297,-,,NED,31,Niklaasen,Aiken van Eidoven,GK,79,26,193,82,,porto,37.5,3,GK,Right,-
298,-,,ESP,4,Mendez,Valo,GK,79,32,185,0,,betis,43.5,2,GK,Right,-
299,-,,AUT,3,Schiefler,Antonio,GK,75,35,186,0,,salzburg,27.5,1,GK,Right,-
300,-,,ITA,6,Di Giani,Franco,LB,79,24,180,81,,juventus,41.5,4,sub,Left,-
301,LB,,GRE,17,Vanilidis,Paulas,LB,74,25,180,76,,valencia,24.2,3,LB,Left,-
302,-,,AUT,5,Plattart,Calin,LB,79,27,177,0,,hannover,37.0,2,sub,Left,-
303,-,,UKR,6,Teseklyanka,Nikolay,LW,79,21,179,82,,dynamokyiv,32.0,3,LW,Right,-
304,-,,FRA,6,Auare,-,LW SS,79,26,176,0,,monaco,37.0,1,LW,Right,-
305,-,,FRA,9,Sodoko,Kevin,RB,79,27,178,0,,nice,37.0,1,RB,Right,-
306,-,,AUT,11,Getsmler,Nickal,RB RM,79,30,177,0,,salzburg,44.0,2,RM,Right,-
307,-,,MLI,1,Mekoululu,Iadidi,RW RM,79,22,179,83,,salzburg,33.0,3,RW,Left,-
308,-,,ALG,23,Velghouli,Amirzali,AM,78,23,177,79,,psg,21.0,3,sub,Left,-
309,-,,CIV,3,Baló,Jean-Moussa,LW,78,24,177,79,,lille,3.0,1,LW,Right,-
310,-,,NED,28,Knooijpers,Chris,CB,78,21,189,83,,ajax,13.0,3,RCB,Right,-
311,-,,BRA,8,Torena,Gabriel,CB,78,23,188,79,,asse,17.8,3,RCB,Right,-
314,-,,NED,13,Jakoopp,Willem,CB,75,27,186,0,,feyenoord,23.3,2,sub,Right,-
315,LCB,,GRE,9,Panolas,Manos,CB,78,31,189,0,,lazio,39.6,3,RCB,Left,-
316,LCB,,POR,9,Berales,Nuno,CB,78,26,188,0,,porto,39.0,1,LCB,Right,-
317,-,,ESP,6,Fanco,Iamelado,CB,78,24,188,81,,realsociedad,29.0,3,sub,Both,-
319,-,,NED,5,Van Dekens,Henry,DM,78,20,179,87,,ajax,1.0,3,DM,Right,-
320,-,,ARG,6,Vierao,Alexander,DM,78,29,177,0,,lokomotivmoscow,39.5,2,sub,Right,-
321,-,,ESP,8,Estrende,Luis,DM,78,29,178,0,,realsociedad,39.2,3,sub,Right,-
322,-,,FRA,9,Seibber,Thymon,CF ST,78,25,187,79,,basel,32.5,2,sub,Left,-
323,-,,ROU,11,Itanusin,Rajun,CF,78,32,191,0,,bordeaux,39.3,2,CF,Right,-
324,-,,BEL,1,Sirgi,Dion,ST CF,78,29,182,0,,everton,39.3,3,sub,Right,-
325,-,,BRA,5,Paulinho,-,CF ST,79,25,188,80,,portimonense,20.0,2,CF,Right,-
326,-,,CZE,15,Petera,Mihal,CM,76,32,181,0,,basaksehir,33.0,3,sub,Right,-
327,CM,,TUR,9,Beracigher,Onur,CM,78,32,178,0,,besiktas,39.5,2,sub,Right,-
328,-,,FRA,8,Adier,-,CM,78,33,177,0,,lyon,39.0,2,LCM,Right,-
329,-,,CRO,5,Pejić,Milan,CM,78,33,181,0,,villarreal,39.0,3,sub,Right,-
330,-,,COL,15,Muiyal,Pedro,SS AM,75,27,176,0,,fiorentina,20.0,2,sub,Right,-
331,-,,PAR,16,Ezaldes,Victor,GK,77,28,188,0,,asse,32.0,3,GK,Left,-
332,-,,GER,6,Nule,Raitz,GK,78,25,194,86,,schalke,23.0,2,GK,Right,-
333,-,,FIN,4,Kaspa,Julian,GK,78,31,195,0,,gladbach,39.7,1,GK,Right,-
334,-,,USA,8,Collins,Haden,GK,78,32,192,0,,newcastle,39.0,2,GK,Right,-
335,-,,ITA,2,Padelli,Muziano,GK,77,23,192,79,,bologna,27.0,2,GK,Right,-
336,-,,ESP,17,Rajuli,Gayel,LB,78,29,176,0,,realmadrid,39.0,3,LB,Left,-
337,-,,DEN,18,Johanesen,Arne,LB,78,27,177,0,,southampton,36.0,2,sub,Left,-
338,-,,AUT,2,Ajagba,Nwela,LW ST,74,22,179,78,,bayerleverkusen,2.5,1,LW,Right,-
339,-,,SUI,4,Darani,Emil,RB,78,27,177,0,,basel,24.5,1,sub,Right,-
340,-,,FRA,8,Delert,Robin,RB RM,84,28,178,0,,monaco,56.2,2,RB,Right,-
341,-,,PER,28,Journao,Ferinme,RB,78,26,177,0,,psg,39.5,4,sub,Right,-
342,-,,GER,3,Sommestacher,Feuider,RB CB,77,22,182,83,,gladbach,30.0,3,sub,Right,-
343,-,,POR,14,Trincao,Alejandro,RW,78,25,177,79,,benfica,12.5,2,RW,Left,-
344,-,,NED,6,Flette,Dries,RW,78,28,176,0,,psv,39.4,3,RW,Left,-
345,-,,ESP,31,Royci,Juancho,RW,73,23,176,74,,realmadrid,15.0,3,sub,Left,-
346,-,,ESP,7,Saiz,Juanberto,RW,77,21,177,79,,bilbao,19.0,3,sub,Left,-
347,-,,POR,4,Gonsalves,Ensalo,AM SS,77,23,178,79,,portimonense,25.0,3,AM,Right,-
348,-,,BFA,11,Grandes,Tylas,RW AM,77,29,179,0,,asse,35.0,3,AM,Left,-
349,-,,ITA,17,Miniriaoliggni,Luchia,CB,75,36,184,0,,milan,27.5,2,sub,Right,-
350,RCB,,POR,12,Patric,Marc da Silva Patricio,CB,77,26,187,0,,benfica,22.0,1,LCB,Right,-
352,-,,BRA,12,Maihos,-,CB,77,29,185,0,,dynamomoscow,36.0,3,sub,Right,-
353,LCB,,TUR,11,Sanali,Erzahan,CB,77,32,185,0,,feyenoord,35.4,3,RCB,Right,-
355,-,,FRA,5,Mende,Joao,DM CB,77,27,182,0,,lille,36.0,2,DM,Right,-
356,-,,FRA,2,Ediakoné,Napierre,DM CB,77,25,185,81,,lyon,24.0,3,sub,Right,-
357,-,,ARG,2,Rico,Canaris,ST,77,30,179,0,,getafe,35.0,2,sub,Right,-
358,-,,SEN,6,Sadú,-,SS AM,77,29,178,0,,lille,35.5,3,AM,Right,-
359,-,,BRA,11,Vanderson,Joao,ST CF,77,30,183,0,,marseille,35.3,4,sub,Right,-
360,-,,MOZ,7,Daud,Mwako,ST SS RW,77,27,179,0,,betis,35.0,2,sub,Left,-
361,-,,ALG,3,Fares,Raghoul,CF,76,27,188,0,,sportinglisabon,33.0,3,CF,Right,-
362,-,,CMR,9,Msabwa,Youssuf,CF,76,27,189,0,,youngboys,32.0,1,sub,Right,-
363,-,,POR,7,Uarez,Gavin,CM,77,26,176,0,,benfica,32.5,3,CM,Left,-
364,-,,BEL,14,de Hlynes,Phil,CM,76,32,178,0,,genk,31.0,2,sub,Right,-
365,-,,MNE,7,Halić,Darko,CM,76,36,178,0,,lazio,35.0,1,CM,Right,-
366,-,,ENG,13,Littey,Liam,CM,77,24,178,0,,newcastle,29.0,3,sub,Right,-
367,-,,POR,20,Conscedar,Paolo,CM,77,24,180,82,,porto,20.0,2,LCM,Right,-
368,-,,SWE,13,Lunde,Ufen,CM,76,27,178,0,,hannover,32.0,2,sub,Right,-
369,-,,EGY,9,Al-Derabi,Mohad,CM DM,77,31,178,0,,olympiacos,38.3,2,DM,Right,-
370,-,,CZE,7,Kincler,Tomas,CM RM,77,30,179,0,,bayerleverkusen,35.7,3,RCM,Right,-
371,-,,POR,18,Rui,Fernando,GK,77,36,186,0,,porto,35.0,1,sub,Right,-
372,-,,BRA,4,Fernaldo,Marquisio,GK,75,27,186,0,,strasbourg,16.0,1,GK,Right,-
373,-,,MEX,5,Guillardo,Carlos,LB,77,30,176,0,,montpellier,35.5,4,LB,Left,-
374,-,,ESP,17,Linares,Andreas,LB,77,27,178,0,,porto,35.0,2,LB,Left,-
375,-,,HON,16,Garcia,Elaz,LW,77,22,175,80,,realsociedad,9.0,1,sub,Right,-
376,-,,KOR,5,Won,Kim-So,LW,77,21,175,80,,salzburg,34.0,4,sub,Right,-
377,-,,COL,2,Lena,Carlos,LW LM,75,26,172,0,,benfica,20.0,2,LW,Right,-
378,-,,CAN,14,Gerome,Jay,RB,77,27,179,0,,cskamoscow,35.8,2,RB,Right,-
379,-,,FRA,8,Barret,Jean,RB,77,33,172,0,,marseille,35.0,1,sub,Right,-
380,-,,GHA,3,Akpoma,Sawaid,CB,69,20,186,75,,parma,1.3,3,LCB,Right,-
381,-,,GER,2,Berrstabben,Digil,RB,77,29,175,0,,werder,36.0,2,sub,Right,-
382,sub,,TUR,9,Cal,Mahmad,RB CB,77,29,180,0,,basaksehir,35.0,2,sub,Right,-
383,-,,DRC,17,Dumaye,Jud,LB CB DM,77,31,177,0,,galatasaray,36.2,2,LB,Left,-
384,-,,NED,9,Nente,Robin,RB RM,76,25,178,78,,feyenoord,12.4,2,RB,Right,-
385,-,,FRA,4,Lores,Juan,RW,77,28,176,0,,feyenoord,35.6,3,RW,Left,-
386,-,,ESP,6,Gieri,Manuel,RW SS,77,28,176,0,,getafe,35.4,3,sub,Left,-
387,-,,ALG,3,Bega,Youssef,RW,77,28,176,0,,qpr,37.0,3,sub,Left,-
388,-,,FRA,5,Semedo,Patrick,AM,76,27,180,0,,nice,31.2,2,AM,Right,-
389,-,,BRA,16,Fabinha,Enelizo,ST CF,76,31,185,0,,lyon,31.0,3,CF,Right,-
390,-,,BRA,19,Cabral,Lucas,ST SS AM,76,30,179,0,,asse,31.2,2,LAM,Right,-
391,-,,TUN,5,Al-Shalri,Ehmat,RW SS,76,27,175,0,,marseille,30.5,3,RW,Left,-
393,RCB,,TUR,7,Ehitagle,Melih,CB,75,28,188,0,,fenerbahce,29.6,2,sub,Right,-
394,-,,FRA,13,Bourze,Kevin,CB,73,32,180,0,,monaco,23.0,2,sub,Right,-
395,-,,MOR,6,Bataid,Haif,CB,76,30,187,0,,nice,31.0,3,LCB,Left,-
396,-,,NOR,8,Erghaer,Thomas,CB,76,32,187,0,,hsv,31.4,2,RCB,Right,-
397,sub,,POR,11,Mecainario,Alfredo,CB,76,33,195,0,,sportinglisabon,31.0,2,LCB,Left,-
399,-,,SUI,4,Berdac,Kristian,CB DM,76,24,188,77,,benfica,22.0,3,sub,Right,-
400,-,,FRA,16,Sokhonal,Ake,DM,76,24,183,81,,bordeaux,18.0,2,DM,Right,-
401,-,,CRO,6,Gojen,Marko,DM,76,27,180,0,,bayerleverkusen,30.0,1,DM,Right,-
402,-,,POR,5,Bernan,Rui,DM,75,27,177,0,,lazio,29.0,3,DM,Right,-
403,-,,ESP,21,Pedroza,Lenrique,ST CF SS,76,36,181,0,,barcelona,31.0,1,sub,Left,-
404,-,,URU,2,Hilder,Tobias,ST CF,76,33,182,0,,lokomotivmoscow,31.7,1,sub,Right,-
405,-,,FRA,8,Renard,Luis,ST CF,76,35,185,0,,nice,31.0,3,sub,Right,-
407,-,,FRA,11,Abousakin,Onji,CF,76,23,189,78,,toulouse,21.0,3,CF,Right,-
408,-,,SRL,12,Cer,Mammalou,ST SS AM,76,27,181,0,,nice,31.3,3,LAM,Right,-
409,-,,FRA,22,Adale,Gael,ST CF LW,76,21,184,78,,psg,9.0,2,sub,Right,-
410,-,,ALB,4,Geriji,Berim,ST SS,73,24,178,76,,mallorca,6.2,2,sub,Right,-
411,-,,ISR,5,Osman,Deken,AM RW,74,20,179,80,,clubbrugge,6.0,3,sub,Left,-
412,-,,BEL,6,Vanmaer,Michael,CM AM,75,38,179,0,,sochaux,28.7,1,LCM,Right,-
413,-,,ITA,24,Di Alerdi,Vavide Luccio,CM DM,75,32,178,0,,psg,29.2,1,sub,Right,-
414,-,,URU,5,Hastan,Jeorjes,CM DM,76,29,178,0,,sampdoria,31.0,3,sub,Right,-
415,-,,RUS,23,Seniin,Leon,GK,75,34,185,0,,cskamoscow,25.4,2,GK,Right,-
416,-,,SWE,7,Larsen,Tobias,GK,76,25,192,79,,getafe,17.5,3,sub,Right,-
417,GK,,GRE,2,Koritzinatis,Nikolos,GK,76,24,188,78,,olympiacos,19.4,3,GK,Right,-
418,-,,ITA,16,Gasparini,Luigi,GK,76,24,196,81,,sampdoria,13.0,2,sub,Right,-
419,-,,CRO,8,Stajić,Leonardo,LB,76,27,177,0,,bologna,29.5,2,sub,Left,-
420,-,,BRA,13,Tossario Junior,Jesus,LB,76,27,177,0,,cskamoscow,32.3,1,LB,Left,-
421,-,,ESP,12,Asentian,Thiago,LB,76,26,180,0,,realmadrid,19.6,1,sub,Left,-
422,-,,NOR,14,Nielsen,Ross,LM LB,76,27,174,0,,strasbourg,18.5,1,LM,Left,-
423,LW,,POR,7,Nives,Saolo,LW,76,27,177,0,,porto,29.0,1,LW,Right,-
424,sub,,POR,6,Maical,Nicolas,LW LM,75,23,175,76,,sportinglisabon,23.0,4,LW,Right,-
425,-,,ESP,6,Jones,Franky,LW LM,74,22,177,77,,valencia,5.7,2,LW,Right,-
426,-,,ITA,6,Faschiadori,Pierri,RB RM,75,31,177,0,,inter,28.0,3,sub,Right,-
427,-,,TAN,7,Adama,Fahamu,RB,76,24,177,77,,montpellier,23.0,3,RB,Right,-
428,-,,POR,5,Pienhao,Roberto,RB RM,75,28,174,0,,benfica,29.0,2,RB,Right,-
429,-,,NED,4,Ruun,Claesar,RB RM,75,22,174,77,,sportinglisabon,1.0,1,RB,Right,-
430,-,,SUI,2,Kpaka,Mauto,RB RM,74,24,175,77,,youngboys,18.5,2,sub,Right,-
431,-,,COL,7,Granjel,Jose-Maximillian,RW,76,27,176,0,,monaco,32.0,4,RW,Left,-
432,-,,GAM,10,Gerald,Mauko,RW ST,76,23,178,80,,bologna,12.0,4,sub,Left,-
433,-,,SEN,14,Mbaye,Lwan,RW RM,76,30,177,0,,galatasaray,31.5,3,sub,Left,-
434,SS,,GRE,7,Foutis,Andriatis,AM SS,75,26,174,0,,strasbourg,28.0,3,AM,Right,-
435,LAM,,TUR,10,Dalbay,Kotus,AM,76,28,171,0,,trabzonspor,32.0,3,sub,Right,-
436,-,,BEL,2,Vittknaeper,Matthijs,CB,76,35,184,0,,clubbrugge,31.0,3,sub,Right,-
437,sub,,TUR,1,Alalian,Ismail,AM LM,71,25,170,72,,antalyaspor,11.0,2,sub,Right,-
445,-,,RUS,12,Sabotnik,Denis,DM,75,27,183,0,,cskamoscow,26.0,2,DM,Right,-
446,-,,NGR,8,Ebo,Max,DM,75,22,179,78,,crystalpalace,12.6,3,sub,Right,-
447,-,,CRO,15,Ilić,Strvoj,DM CM,75,35,177,0,,strasbourg,27.5,1,DM,Right,-
448,-,,POR,28,Ganiero,Lucas,ST CF,75,33,186,0,,benfica,28.0,2,sub,Right,-
449,-,,ESP,4,Cun Gualor,Xavier,ST SS,75,33,177,0,,espanyol,29.3,2,sub,Right,-
450,sub,,TUR,8,Kayspoli,Cavik,ST CF,72,24,186,74,,galatasaray,9.0,1,sub,Right,-
451,-,,IRN,5,Akmed,Karbash,ST SS CF,75,29,177,0,,krasnodar,28.0,3,CF,Right,-
452,-,,NOR,9,Sorennsen,Malgherar,CF ST,74,26,188,77,,rosenborg,13.0,1,sub,Right,-
454,-,,POR,5,Alves,Miacel,CM,75,28,176,0,,deportivocoruna,27.7,3,LCM,Right,-
455,sub,,TUR,11,Igshav,Becek,CM,74,26,186,0,,fenerbahce,22.3,3,sub,Right,-
456,-,,FRA,8,Fahre,Fabian,CM,75,33,180,0,,montpellier,30.0,3,CM,Right,-
457,-,,FRA,6,Deloareux,Albert,CM,74,36,180,0,,toulouse,25.0,2,CM,Right,-
458,-,,CZE,15,Kolarnik,Stepan,CM,75,29,179,0,,viktoriaplzen,27.5,3,CM,Right,-
459,-,,SWE,5,Ola,Vilerm,CM,74,34,179,0,,malmo,24.0,3,sub,Right,-
460,-,,SWE,7,Tamo,Juril,CM AM,75,30,176,0,,copenhagen,28.0,2,CM,Right,-
461,-,,UKR,5,Bahtaiy,Juri,GK,75,35,186,0,,dynamokyiv,27.5,3,GK,Right,-
462,sub,,TUR,15,Jilmaz,Dicer,GK,75,32,185,0,,galatasaray,27.5,2,GK,Right,-
463,-,,MNE,17,Milović,Stjepan,GK,75,35,185,0,,monaco,28.0,1,GK,Right,-
464,sub,,GRE,55,Vladasis,Pietros,GK,74,22,189,87,,panathinaikos,18.0,4,GK,Right,-
465,-,,FRA,4,Eberduent,Frank,LB,75,29,174,0,,marseille,27.5,2,LB,Left,-
466,-,,ITA,2,Vanchini,Sebastian,LB CB,75,34,183,0,,lazio,28.3,3,LB,Left,-
467,-,,IRN,6,Sakhanbashal,Riad,LB LM,75,29,176,0,,rsca,27.5,1,LM,Left,-
468,-,,SUI,8,Ferchet,Donaire,LB LM CM,75,31,179,0,,lille,28.0,3,LB,Left,-
470,-,,BEL,22,Hemmen,Phil,RB RM,75,30,176,0,,strasbourg,27.7,2,RM,Right,-
471,-,,POR,5,Jole,Miguel,RW RM,75,24,174,77,,santaclara,19.5,2,sub,Left,-
472,-,,DEN,10,Dorengardt,Nicolas,AM RW,74,22,177,86,,copenhagen,16.4,3,AM,Left,-
478,-,,GAM,24,Vincent,Gelon,DM,74,28,177,0,,asse,24.0,1,DM,Right,-
479,sub,,TUR,4,Gokhanoglou,Kalim,DM,74,29,189,0,,galatasaray,24.8,1,DM,Right,-
480,-,,CRC,24,Tavres,Nicolas,DM,74,28,178,0,,salzburg,24.5,2,sub,Right,-
481,-,,ALG,3,Soughali,Alfghoul,DM,74,24,186,78,,marseille,17.5,3,DM,Right,-
482,-,,UKR,26,Yarmonenko,Pavel,CF ST,74,23,189,78,,manchestercity,20.0,3,sub,Right,-
483,-,,CRC,10,Feldez,Carlos,ST LW,74,29,177,0,,rostov,25.0,3,LW,Right,-
484,sub,,POR,10,Nuno,Garandes,CF ST LW,74,20,188,90,,sportinglisabon,10.0,3,sub,Right,-
485,-,,BEL,14,Mertens,Laris,CM,74,28,178,0,,nice,24.0,2,CM,Right,-
486,-,,URU,15,Soares,Caiton,CM,74,29,178,0,,torino,24.3,2,sub,Right,-
487,-,,ITA,25,Cachiari,Fili,CM,70,22,179,75,,lazio,1.0,1,sub,Right,-
488,GK,,TUR,11,Devrispahi,Ali,GK,79,25,194,86,,lille,19.0,1,GK,Right,-
489,-,,VEN,1,Ruiz,Pantoya,GK,74,27,187,75,,marseille,13.0,1,GK,Right,-
490,-,,POR,2,Gomes,Hangel,GK,74,22,184,78,,sportinglisabon,14.5,3,GK,Right,-
491,-,,CPV,17,Tavares,Nascent,RB,74,22,180,83,,portimonense,9.0,2,RB,Right,-
492,-,,DEN,4,Falc-Andres,Nicko,RB RM,74,26,177,0,,asse,13.0,2,RB,Right,-
493,-,,FRA,22,Sarr,Bai Patar,RB RM,74,24,177,77,,lille,16.0,3,RB,Right,-
494,-,,EGY,24,Hassani,Ghilaher,RB RM,72,35,176,0,,psv,19.2,1,sub,Right,-
495,-,,MOR,23,Leiftwe,Ibrahim,LW,74,27,175,0,,monaco,24.0,3,sub,Right,-
496,-,,ALG,9,Khalidi,Ramin,RW ST,74,33,185,0,,toulouse,24.3,2,RW,Left,-
497,-,,RUS,10,Chenalov,Ondrej,AM SS,73,24,175,79,,krasnodar,9.3,3,AM,Right,-
498,-,,GRE,6,Poteras,Vladisis,AM,73,24,179,74,,olympiacos,12.0,3,AM,Right,-
499,-,,NGR,13,Anbwena,Toike,ST SS AM,72,26,179,0,,montpellier,18.5,2,RAM,Right,-
500,-,,UKR,22,Konyanko,Danilo,CB,73,28,191,0,,dynamokyiv,22.0,4,LCB,Right,-
501,-,,NED,13,De Wolnei,Hary,CB,73,28,185,0,,nice,21.0,1,sub,Right,-
502,-,,MDG,41,Chukungawa,Hendry,CB,73,24,198,76,,lyon,17.5,2,sub,Right,-
503,-,,CIV,20,Kolé,Daubaus,CB,70,25,186,0,,marseille,7.0,3,sub,Right,-
504,-,,FRA,12,De Toneli,Antonio,CB,73,29,188,0,,marseille,21.0,2,RCB,Right,-
505,-,,POR,6,Redarec,Gabriel,CB,73,23,188,75,,guimaraes,21.5,4,sub,Right,-
506,-,,ROU,20,Sadu,Ion,CB,74,35,182,0,,strasbourg,24.3,2,sub,Left,-
507,-,,ZBW,37,Niakathe,Yongwe,DM,73,19,183,78,,dortmund,1.0,4,sub,Left,-
508,-,,MOR,4,Eyderas,Nuias,DM,73,26,178,75,,rostov,12.6,2,DM,Right,-
509,-,,SEN,23,Ndiaye,Baye,CF ST,74,24,184,77,,lille,13.0,2,CF,Right,-
510,-,,FRA,6,Gallase,Patrick,CF ST,73,24,190,79,,parisfc,7.0,2,sub,Right,-
511,-,,POR,16,Famacao,Nicolas,CF,73,23,189,76,,tondela,10.0,3,sub,Right,-
512,-,,ARG,5,Putson,Amel,SS,73,29,173,0,,zenit,21.2,2,sub,Right,-
513,-,,FIN,2,Miekie,Anton,ST SS,73,30,178,0,,strasbourg,21.0,3,SS,Right,-
514,-,,ESP,8,Cincuno,Nico,CM,73,30,177,0,,getafe,22.0,2,sub,Right,-
515,-,,RUS,9,Gerechuk,Maxim,CM,73,23,180,79,,nizhniy,13.0,3,sub,Right,-
516,-,,ESP,15,Varillas,Rodrigo,CM DM,73,21,175,78,,realmadrid,13.5,3,sub,Right,-
517,-,,TUR,19,Siniaspon,Jurgit,CM RM,70,31,175,0,,galatasaray,13.5,2,sub,Right,-
518,-,,GER,31,Bauther,Julien,GK,73,37,185,0,,salzburg,21.0,2,sub,Right,-
519,-,,ROU,3,Cunliasu,Adrian,GK,73,34,182,0,,strasbourg,21.0,1,sub,Right,-
520,-,,CRO,17,Pejević,Karlo,LB,73,33,177,0,,lille,21.2,2,sub,Left,-
521,-,,FRA,26,Clieshant,Daniel,LB,73,29,177,0,,nice,21.0,3,LB,Left,-
522,-,,FRA,13,Jourdain,Philipo,LB LM,73,27,176,0,,bordeaux,21.3,1,LB,Left,-
523,-,,RSA,12,Nbenba,Diashala,LB LM,72,25,177,0,,rostov,9.0,1,LB,Left,-
524,-,,MLI,18,Igmaulo,Ndaoye,LW ST,73,21,176,80,,bordeaux,6.3,2,LW,Right,-
525,-,,FRA,18,Rodrigo,Maxwell,RB,73,23,180,80,,monaco,21.0,2,sub,Right,-
526,RB,,GRE,22,Gregoras,Stefanos,RB CB,73,24,184,76,,salzburg,16.0,2,sub,Right,-
527,-,,ZBW,15,Bamba,Dadu,AM CM,72,23,178,75,,lille,11.0,3,sub,Right,-
528,-,,BRA,5,Vivinha,-,AM,72,28,174,0,,tondela,18.0,2,sub,Right,-
529,-,,FRA,28,Selvonante,Harry,CB,72,32,183,0,,asse,18.0,2,LCB,Right,-
530,sub,,TUR,7,Narikal,Oguz,CB,70,31,187,0,,galatasaray,14.0,3,RCB,Right,-
532,-,,MDA,27,Vershalau,Kevin,CB RB,72,33,184,0,,asse,18.0,1,sub,Right,-
533,-,,NGR,14,Obone,Diagoa,DM CM,72,22,176,73,,montpellier,8.0,1,sub,Right,-
534,-,,RUS,13,Bredsnov,Ramadzin,DM CM,72,32,179,0,,rostov,18.2,3,RCM,Right,-
535,-,,MOR,9,Yamab,Alurat,CF,70,28,185,0,,konyaspor,13.0,2,sub,Left,-
536,sub,,GRE,16,Ionnakis,Galis,CF ST,72,25,187,75,,olympiacos,9.0,1,ST,Right,-
537,-,,ARG,2,Emiliana,Jesuzio,ST CF,70,27,182,0,,rostov,11.3,1,CF,Left,-
538,-,,MLI,2,Henda,Aidara,CM,72,23,175,76,,asse,9.5,3,CM,Left,-
539,-,,URU,12,Nezis,Dylan,CM,72,29,175,0,,bordeaux,18.2,1,CM,Left,-
540,-,,AUT,21,Leatony,Abega,CM,72,20,177,75,,salzburg,8.4,3,sub,Right,-
541,-,,FRA,28,Dipeilett,Chris,DM CM,72,27,178,0,,porto,18.0,1,sub,Right,-
542,-,,FRA,19,Couser,Stephane,GK,72,34,182,0,,bordeaux,18.0,1,sub,Right,-
543,-,,UKR,7,Saismanov,Yaroslav,LB,72,26,178,0,,dynamokyiv,17.0,2,LB,Left,-
544,-,,ARG,27,Varega,Ramos,LB,72,29,176,0,,monaco,18.0,1,sub,Left,-
545,-,,ECU,7,Eduardo,-,LB,72,31,178,0,,nice,18.0,1,sub,Left,-
546,-,,FRA,16,Poirenan,John-Saint,LB,72,28,179,0,,psg,18.0,3,sub,Left,-
547,-,,SRB,2,Stevanović,Lazar,LB,72,22,177,77,,toulouse,1.0,1,LB,Left,-
549,-,,CMR,2,Bakari,Elesse,RB,72,31,175,0,,samara,18.5,3,sub,Right,-
550,-,,FRA,22,Denaisser,Parciss,RB CB,72,31,176,0,,bordeaux,18.0,3,sub,Right,-
551,-,,FRA,36,Derkone,Steve,RB CB,71,27,180,0,,psg,14.5,1,sub,Right,-
552,-,,POR,13,Altrán,Diego Carlos,RW,72,25,176,73,,porto,3.0,2,sub,Left,-
553,-,,POR,26,Potrese,Lauro,RW SS,72,23,176,76,,benfica,16.0,2,sub,Left,-
554,-,,BUL,17,Inamov,Valentin,AM SS,71,25,176,73,,montpellier,15.5,3,sub,Right,-
555,-,,SRL,27,Moustafa,Jean-Bousek,AM RM SS,70,23,176,75,,galatasaray,9.7,2,sub,Left,-
556,-,,FRA,12,DeBenoet,Carlos,CB,71,30,186,0,,lille,15.6,2,sub,Right,-
557,-,,SEN,17,Ekunde,Tolias,CB,71,22,184,77,,strasbourg,2.0,1,sub,Right,-
558,-,,SRB,14,Mitrović,David,CB DM,71,22,184,72,,konyaspor,16.0,4,sub,Right,-
559,-,,FRA,24,Galamieri,Paul,CB RB,70,27,184,0,,montpellier,12.9,3,sub,Right,-
560,-,,KEN,12,Wensema,Biu,DM,71,22,179,80,,asse,1.0,2,sub,Right,-
561,-,,FRA,24,Celstel,Terry,DM,71,29,177,0,,lille,15.4,1,sub,Right,-
562,-,,FRA,20,Trenossar,Albi,DM,71,29,177,0,,sochaux,15.4,2,DM,Right,-
563,-,,LBY,15,Salid,Ahmed Daali,DM CB,76,22,185,84,,monaco,23.0,3,sub,Right,-
564,-,,SVK,21,Karsanec,Japolik,CF,71,30,186,0,,montpellier,15.3,1,sub,Right,-
565,-,,NGR,6,Aji,Eke,ST CF RW,71,23,181,72,,rostov,4.8,2,RW,Left,-
566,-,,GER,23,Korowetz,Anton,CM,71,29,179,0,,schalke,15.4,3,sub,Right,-
567,-,,KSA,13,Absulawi,Muhammed,CM AM,71,25,178,73,,asse,6.7,1,sub,Left,-
568,-,,BIH,27,Delajić,Ljuboje,GK,71,37,186,0,,montpellier,15.3,2,GK,Right,-
569,-,,FRA,16,Bekelli,Thomas,GK,71,36,189,0,,toulouse,15.6,2,GK,Right,-
570,-,,FRA,22,Sididi,Ndiam,LB,71,24,177,72,,marseille,10.5,2,sub,Left,-
571,-,,GHA,27,Princeton,Raesh,LB CB,71,24,181,74,,psg,7.0,3,sub,Left,-
572,-,,ROU,20,Levia,Andriu,LB LM,71,30,175,0,,benfica,15.7,3,sub,Left,-
573,-,,MOR,21,Mehri,Yunes,RW RM,71,25,174,73,,lyon,7.5,2,sub,Left,-
574,-,,BOL,2,Asindrel,Arioz,RB,71,32,174,0,,marseille,15.3,2,sub,Right,-
575,-,,NOR,2,Jata,Mahdi,RB,71,27,170,0,,molde,15.6,3,sub,Right,-
576,-,,FRA,12,Simeon,Gionardo,RB,71,24,177,77,,toulouse,8.0,2,RB,Right,-
577,-,,BRA,14,Enlito,-,RB RM,72,24,174,75,,porto,16.2,2,sub,Right,-
578,-,,MDA,15,Misleru,Tomas,RW SS,71,33,175,0,,bordeaux,15.5,1,RW,Left,-
579,-,,FRA,15,Florant,Claroun,AM RM,67,27,175,0,,sochaux,7.0,2,sub,Left,-
580,-,,TUN,13,Razvan,Marris,AM SS RW,70,26,173,0,,toulouse,9.0,1,AM,Left,-
582,-,,TOG,36,Tshalili,Mpaku,CB,70,20,188,78,,monaco,1.0,3,sub,Right,-
584,-,,GER,23,Tahrer,Nick,CB,69,22,184,75,,nice,1.3,4,sub,Right,-
586,-,,GHA,25,Temba,-,CB,70,28,179,0,,portimonense,13.0,2,LCB,Right,-
587,-,,RUS,26,Nikolayev,Ivan,CB,70,24,196,72,,rostov,8.6,3,RCB,Right,-
588,-,,GUI,4,Soudoua,Mitchell,DM,70,30,174,0,,krasnodar,13.0,2,DM,Left,-
589,-,,CIV,2,Toulaye,Aradel,DM,70,28,177,0,,montpellier,12.9,2,DM,Right,-
590,-,,NOR,14,Fidel,Eric,DM,70,28,180,0,,rosenborg,12.8,2,sub,Right,-
591,-,,GHA,19,Nkabi,Rudo,DM,70,23,178,71,,strasbourg,10.5,3,sub,Right,-
592,-,,POR,24,Mirenda,Egavier,DM,70,36,175,0,,benfica,12.9,1,sub,Right,-
593,-,,ITA,30,Sonali,Elardi,DM CM,70,31,177,0,,nice,12.9,1,sub,Right,-
594,-,,BIH,17,Hajunović,Sehad,ST CF,70,36,182,0,,asse,12.9,1,sub,Left,-
595,-,,GHA,18,Osana,Dakar,SS AM,69,19,177,77,,lazio,1.0,4,sub,Right,-
596,-,,RUS,15,Juri,Stefano,CM,70,25,178,0,,krasnodar,7.1,2,CM,Left,-
597,-,,FRA,29,Omer,Farik,CM DM,70,26,172,0,,bordeaux,8.5,1,sub,Right,-
598,-,,ENG,12,Littey,Larry,CM DM,70,27,177,0,,newcastle,13.0,2,sub,Right,-
599,-,,ALG,25,Feres,Delon,GK,70,32,186,0,,montpellier,13.0,1,sub,Right,-
600,-,,RUS,34,Molkhar,Denis,GK,68,28,186,0,,rostov,8.8,2,GK,Right,-
601,-,,POR,6,Almeida,Nicolas,GK,70,24,186,80,,tondela,6.0,2,sub,Right,-
602,-,,MTQ,29,Parásso,Frank-Anthony,LB,73,25,181,75,,asse,14.1,2,LB,Left,-
603,-,,BRA,71,Baes de Pate,Tiago,SS AM,70,31,169,0,,asse,13.1,2,sub,Left,-
604,-,,CIV,24,Cesse,Rikuel,RW,70,20,170,86,,bordeaux,1.4,3,sub,Left,-
605,sub,,GRE,13,Panyathonis,Angelos,RB,71,29,178,0,,aek,15.5,3,sub,Right,-
606,-,,CRO,23,Bajčalov,Stevan,CB,69,33,184,0,,krasnodar,10.8,3,LCB,Right,-
607,-,,MTQ,25,Chris-Etwané,Loic,CB,72,22,189,74,,nice,6.1,2,sub,Left,-
608,-,,KAZ,2,Ajinbegov,Stefan,CB,69,29,191,0,,nizhniy,10.7,2,sub,Right,-
609,-,,CMR,29,Tabyi,Iamo,CB,69,23,183,80,,psg,4.0,3,sub,Right,-
610,-,,RUS,27,Kochir,Darim,CB,69,33,183,0,,rostov,10.9,1,LCB,Right,-
611,-,,BRA,11,Merce,-,CB,70,31,180,0,,sochaux,12.6,3,RCB,Right,-
612,-,,POL,37,Grabowiak,Tomaszek,CB,67,38,186,0,,strasbourg,8.7,1,sub,Right,-
614,-,,DRC,22,Mbombo,Izak,CB DM,69,22,182,73,,asse,1.0,1,sub,Right,-
615,-,,CMR,17,Eyodemba,Ukayo,DM CB,69,25,186,0,,bordeaux,7.0,2,sub,Left,-
616,-,,RUS,51,Zhirin,Eolyn,SS ST CF,69,36,179,0,,rostov,11.0,1,sub,Right,-
617,-,,FRA,9,Makanga,Bavin,ST CF,69,25,183,70,,sochaux,7.0,2,CF,Right,-
618,-,,SUI,13,Drei,Christian,CM,69,23,179,75,,marseille,7.0,3,sub,Right,-
619,-,,MTQ,14,Maté,Frank,CM,70,29,175,0,,sochaux,13.0,3,RCM,Right,-
620,-,,FRA,28,Mattie,Raymon,DM CM,69,25,178,0,,lille,5.0,2,sub,Right,-
621,-,,AZE,22,Temogamedov,Nuradik,CM LM,69,29,176,0,,rostov,10.8,3,LCM,Right,-
622,-,,FRA,23,Bailly,Patrick,GK,69,24,193,0,,marseille,6.5,2,sub,Right,-
623,-,,FRA,16,Elorenou,Axel,GK,69,32,196,0,,sochaux,10.6,2,GK,Right,-
624,-,,UKR,36,Panenskiyi,Viktor,LB,69,25,175,72,,asse,10.7,1,sub,Left,-
625,-,,POR,24,Queves,Liston,LB,70,28,176,0,,porto,12.8,1,sub,Left,-
626,-,,SEN,31,Pikhtiné,Francis,LW,69,23,176,73,,bordeaux,7.3,3,sub,Right,-
627,-,,POR,26,Fondes,Aloisio,LW SS,68,25,175,74,,porto,9.0,1,sub,Right,-
628,-,,FRA,2,Ikamu,Leo,LW LM AM,69,21,176,81,,salzburg,9.1,3,sub,Right,-
629,-,,RUS,3,Vaylinov,Antonin,RB,68,28,175,0,,rostov,8.7,3,RB,Right,-
630,-,,CIV,8,Diu,Radwo,RB,69,28,175,0,,santaclara,10.7,2,sub,Right,-
631,-,,NGR,8,Olatunge,Jamafi,RB RM,69,28,176,0,,dynamomoscow,10.8,2,sub,Right,-
632,-,,FRA,14,Tchaly,Maricani,RW,69,19,174,83,,monaco,1.0,4,sub,Left,-
633,-,,LUX,15,Thiller,Francke,RW AM,65,20,173,71,,marseille,1.0,3,sub,Left,-
634,-,,SWE,6,Danielson,Edvaer,DM CB,76,25,186,80,,malmo,13.0,2,sub,Left,-
635,-,,FRA,11,Yabbe Hadder,Mouhmmad,AM SS,73,27,173,0,,montpellier,15.1,2,LAM,Right,-
636,-,,TUN,24,Garishahri,Enfahasim,AM,68,28,176,0,,strasbourg,8.7,2,sub,Right,-
637,-,,EGY,26,El-Hawris,Ishfat,CM DM,68,28,176,0,,marseille,8.7,2,sub,Right,-
638,-,,FRA,17,Raneris,Faris,AM CM,67,33,178,0,,toulouse,6.8,1,sub,Right,-
639,-,,MKD,6,Matijevski,Stevan,CB,72,33,186,0,,montpellier,17.9,2,RCB,Right,-
640,-,,FRA,32,Lelland,Parlend,CB,68,32,182,0,,marseille,8.6,1,sub,Right,-
641,-,,RUS,8,Bendzegin,Denis,CB,68,31,192,0,,rostov,9.0,3,sub,Right,-
642,-,,AUT,29,Glišić,Damir,CB,66,37,184,0,,salzburg,7.0,1,sub,Right,-
643,-,,MOR,18,Harssen,Algbel,CB,68,28,188,0,,sochaux,8.7,1,LCB,Right,-
644,-,,FRA,31,Seinchet,Thomas,DM CM,68,30,175,0,,montpellier,9.0,2,sub,Left,-
645,-,,FRA,24,Saignon,Gustav,DM,68,20,179,79,,nice,1.0,3,sub,Right,-
646,-,,RUS,30,Markov,Stoyan,DM,68,30,177,0,,rostov,8.7,2,sub,Right,-
647,-,,FRA,8,Meauhre,Robin,DM,67,28,178,0,,toulouse,7.0,2,sub,Right,-
648,-,,NGR,35,Ekongo,Patrick,ST CF,68,22,184,75,,asse,1.0,1,sub,Right,-
649,-,,TUR,39,Onigli,Damer,SS ST,68,28,178,0,,galatasaray,6.8,3,sub,Right,-
650,-,,CMR,50,Sondonga,Idega,ST CF,68,25,182,0,,porto,2.1,2,sub,Right,-
651,-,,ECU,4,Frauno,Lauras,ST SS,68,32,177,0,,santaclara,8.6,2,sub,Right,-
652,-,,FRA,4,Diony,Joel,SS RW,68,28,179,0,,sochaux,9.0,2,RW,Left,-
653,-,,FRA,18,Lemanchieu,Ezbuen,CM,67,27,177,0,,asse,7.0,2,sub,Right,-
654,-,,SEN,31,Soire,Kenbaye,CM,68,21,177,69,,lille,1.0,1,sub,Right,-
655,-,,POR,3,Guillerme,Paulo,CM DM,69,24,176,72,,porto,2.7,1,sub,Right,-
656,-,,POR,22,Berdoso,Kalin,GK,68,36,186,0,,benfica,8.6,2,sub,Right,-
657,-,,FRA,29,Delphous,Nicolas,GK,67,28,184,0,,nice,7.9,2,sub,Right,-
658,-,,RUS,16,Kolenski,Dmitri,LB,68,26,178,0,,krasnodar,4.2,2,LB,Left,-
659,-,,FRA,26,Fellante,Ruan,LB,68,27,176,0,,lyon,8.6,1,sub,Left,-
660,-,,UKR,18,Tsurenko,Vladiy,LW,66,22,176,68,,rostov,1.0,1,sub,Right,-
661,-,,KEN,5,Okalo,Diya,LW,66,19,175,69,,toulouse,1.0,3,LW,Right,-
662,-,,ITA,29,Sciali,Gianluca,LW AM,68,28,174,0,,marseille,8.8,1,sub,Right,-
663,-,,ESP,6,Paréz,Iago,LW,75,24,177,0,,braga,7.0,1,LW,Right,-
664,-,,MOR,18,Hramali,Alim,RB,68,29,176,0,,nice,8.6,1,sub,Right,-
665,-,,FRA,27,Okaldu,Adam,RB CB,68,28,182,0,,lille,8.6,4,sub,Right,-
666,-,,FRA,46,Rion,Jalbert,RW,68,29,175,0,,bordeaux,8.6,3,sub,Left,-
667,-,,FRA,26,Pierri,Danny,RW RM,68,26,175,0,,monaco,6.6,1,sub,Left,-
668,-,,BRA,6,Romaro,Guilherme,CB,77,23,186,84,,palmeiras,24.3,3,sub,Right,-
669,-,,POR,25,Poanto,Alvaro,DM,71,25,178,74,,porto,6.7,2,sub,Right,-
670,-,,DEN,4,Solge,Bjoern,LW LM,72,20,174,77,,midtjylland,1.0,3,sub,Right,-
671,-,,FRA,28,Labond,Lukas,RB,71,30,175,0,,montpellier,16.2,1,sub,Right,-
672,-,,POR,37,Courmalaes,Nevel,CB,67,38,184,0,,porto,7.0,2,sub,Left,-
674,-,,FRA,22,Harricks,Benoit,CB,67,38,184,0,,toulouse,7.0,1,LCB,Right,-
675,-,,SEN,11,Idrissi,Ismail,CM,77,22,182,81,,crystalpalace,28.0,3,sub,Right,-
676,-,,FRA,27,Leprome,Daniel,DM,67,27,177,0,,lyon,6.8,3,sub,Right,-
677,-,,SRB,12,Dimitrijević,Nikola,CM AM,67,20,179,78,,lazio,2.0,3,sub,Right,-
678,-,,FRA,31,Lali,Tillian,CM,69,20,178,80,,monaco,1.0,3,sub,Right,-
679,-,,FRA,32,Soyer,Kevin,CM AM,67,26,178,0,,montpellier,3.3,1,sub,Right,-
680,-,,RUS,21,Sharonov,Stefan,CM AM,67,25,177,68,,rostov,3.0,2,sub,Left,-
681,-,,SEN,21,Edouar,Dominga,GK,67,25,197,72,,strasbourg,3.0,2,sub,Right,-
682,-,,EGY,45,Al-Taraq,Alfaad,LB,65,30,173,0,,bordeaux,6.0,2,sub,Left,-
683,-,,FRA,23,Ndetilien,Marcus,LB,67,21,177,78,,montpellier,2.3,2,sub,Left,-
684,-,,FRA,28,Couressout,Adam,LB LM,72,24,173,76,,strasbourg,11.0,2,sub,Left,-
685,-,,MLI,7,Adeyaye,Ebi,LW ST,67,20,182,76,,sochaux,2.3,3,LW,Right,-
686,-,,POR,6,Gleapense,Rodrigo,RB,67,23,174,68,,benfica,5.3,2,sub,Right,-
687,-,,FRA,17,Vernier,Lorian,RB,69,23,173,75,,lyon,8.0,3,sub,Right,-
688,-,,FRA,26,Carlson,Franck,RB,67,33,173,0,,psg,6.8,2,sub,Right,-
689,-,,FRA,8,Beghereides,Lucas,RB CB,68,32,179,0,,sochaux,6.8,2,RB,Right,-
690,-,,GRE,26,Niakis,Feris,RW,67,21,175,77,,salzburg,7.0,3,sub,Left,-
692,-,,FRA,5,Nailan,Jesus,AM RW,66,19,176,75,,psg,1.5,4,sub,Left,-
693,-,,FRA,25,Mernoe,Kevin,CB,66,36,179,0,,marseille,8.6,2,sub,Right,-
694,-,,CRO,23,Šelar,Stefan,CM RM,66,20,176,76,,salzburg,1.0,3,sub,Left,-
695,-,,FRA,32,Barrere,Aaroin,GK,66,39,186,0,,asse,5.0,1,sub,Right,-
696,-,,NGR,1,Aye,Jackson,GK,66,25,189,68,,lille,1.0,3,sub,Right,-
697,-,,FRA,40,Bouteille,Sebastiene,GK,75,36,186,0,,lyon,28.3,1,sub,Right,-
698,-,,CIV,30,Tioré,Dess,LW LM,68,19,176,82,,strasbourg,1.1,4,sub,Right,-
699,-,,CMR,18,Kalou,Steven,ST CF,66,19,188,79,,lyon,1.0,4,sub,Right,-
700,-,,FRA,29,Patricks,Gael,AM SS ST,63,24,179,64,,strasbourg,2.4,3,sub,Right,-
701,-,,NOR,2,Huff Hvaide,Jonas,CB,69,37,179,0,,rosenborg,10.6,2,sub,Right,-
702,-,,FRA,28,Camaru,Vancant,ST SS CF,65,20,180,75,,bordeaux,1.0,3,sub,Right,-
703,-,,CIV,27,Kane,Nicolo,ST CF SS,65,24,179,70,,marseille,3.0,4,sub,Right,-
704,-,,MLI,29,Kempe,Antonio,ST CF RW,65,19,177,73,,lille,1.0,4,sub,Left,-
705,-,,ZAM,45,Tamwa,Kamoi,SS RW RM,65,20,174,72,,strasbourg,1.0,3,sub,Left,-
706,-,,FRA,18,Delout,Mario,CM DM,65,27,178,0,,marseille,4.0,1,sub,Right,-
707,-,,FRA,45,Mehm,Amadour,DM,66,20,186,74,,psg,4.0,3,sub,Right,-
708,-,,POR,33,Sanguaes,Emanuel,CM DM,65,21,177,68,,porto,1.0,2,sub,Right,-
709,-,,FRA,24,Nimme,Danillo,CM RM,65,22,176,67,,monaco,1.0,1,sub,Right,-
710,-,,MON,29,Delin,Francisco,GK,65,35,195,0,,monaco,4.1,1,sub,Right,-
711,-,,FRA,54,Massé,Nicolas,LM LW,65,22,175,68,,lyon,3.7,3,sub,Right,-
712,-,,SRB,34,Galić,Nenad,CB,64,38,186,0,,lille,3.0,1,sub,Right,-
713,-,,BRA,34,Cortilles,Sebastien,CB,64,19,185,73,,monaco,1.0,4,sub,Right,-
714,-,,ALB,22,Djemdet,Labit,CB,66,22,182,73,,montpellier,3.9,1,sub,Right,-
715,-,,NGR,32,Hagabi,Emadanuel,CB,64,24,194,67,,nice,1.2,3,sub,Right,-
716,-,,FRA,30,Harris,Hernan,DM,64,20,178,69,,lyon,1.0,3,sub,Right,-
717,-,,BRA,40,Marquisio,Deidam,GK,64,22,184,68,,bordeaux,2.3,4,sub,Right,-
718,-,,SUI,40,Damović,Stanimir,GK,64,19,197,79,,monaco,1.0,4,sub,Right,-
719,-,,FRA,21,Ajukwunu,Kaiwo,AM SS,65,22,179,70,,nice,1.0,2,sub,Right,-
720,-,,POR,55,Velos,Tairo,CM,63,20,178,77,,porto,1.0,3,sub,Right,-
721,-,,FRA,12,Jacquet,Florentan,CM RM,63,18,176,73,,strasbourg,1.0,5,sub,Left,-
722,-,,RUS,37,Pilek,Krac,GK,63,36,183,0,,rostov,2.3,3,sub,Right,-
723,-,,FRA,25,Kilian,Diassim,LW,60,20,173,65,,lyon,1.9,3,sub,Right,-
724,-,,SEN,21,Seca,Palekou,RM RB,63,22,175,71,,lille,1.0,2,sub,Right,-
725,-,,CMR,35,Vedy,Elewid,AM SS,62,24,173,65,,bordeaux,1.0,3,sub,Left,-
726,-,,FRA,26,Philer,Vancant,AM,61,28,176,0,,montpellier,1.5,2,sub,Right,-
727,-,,CPV,36,Rededi,Giovanni,RW,62,23,176,64,,lyon,1.3,1,sub,Left,-
728,-,,FRA,22,Ndel,Garsam,RW,64,21,171,67,,sochaux,1.0,1,sub,Left,-
729,-,,FRA,31,Florés,Rodney,CM AM,63,22,177,74,,nice,1.0,2,sub,Right,-
731,-,,FRA,22,Trintignant,Jourdan,DM,61,18,180,83,,monaco,1.0,5,sub,Right,-
732,-,,FRA,32,Endanmé,Ndiyame,SS RW AM,57,18,175,76,,psg,1.0,5,sub,Left,-
733,-,,ITA,22,Serano,Nicolo,RB,59,18,176,86,,lazio,1.0,5,sub,Right,-
734,-,,FRA,29,Lociente,Fabio,DM,60,19,177,68,,montpellier,1.0,4,sub,Right,-
735,-,,RSA,32,Lé,Sembala,ST CF,69,21,185,77,,lille,1.3,3,sub,Right,-
736,-,,GER,7,Hansler,Tim,RB,77,35,175,0,,koln,38.0,3,RB,Right,-
737,-,,ALB,14,Gati,Jurgus,CB,74,28,184,0,,koln,24.3,2,RCB,Right,-
738,-,,NGR,20,Bassy,Diam,ST CF,75,22,185,78,,koln,8.0,1,CF,Right,-
739,-,,HUN,26,Seczar,Calas,RW RM,68,20,173,72,,koln,1.0,3,RW,Left,-
740,-,,NED,2,Nuller,Robbie,ST CF,66,18,188,86,,ajax,1.0,5,sub,Right,-
741,-,,ARG,2,Benite,Alvaro,LB,73,22,171,76,,nantes,13.1,3,LB,Left,-
742,-,,GER,23,Sanger,Limson,RB RM,78,24,181,79,,stuttgart,31.5,3,sub,Right,-
743,-,,POR,8,Bruno Luiz,-,ST,76,34,180,0,,guimaraes,32.0,2,sub,Right,-
744,-,,POL,4,Dancel,Patrszyck,ST CF,74,33,182,0,,rennais,24.0,2,CF,Right,-
745,-,,ZBW,17,Rumani,Balik,CB,71,21,188,77,,rennais,4.5,2,LCB,Right,-
746,-,,URU,12,Gomez,Versil,CB,72,36,183,0,,nantes,20.0,2,RCB,Right,-
747,-,,GAB,10,Lapay,Saint-Vallen,AM SS,75,23,174,78,,nantes,13.0,2,AM,Left,-
748,-,,FRA,8,Guarron,Marr-Laes,DM,68,22,176,70,,nantes,2.4,2,DM,Right,-
749,-,,MOR,3,Ghari,Hylis,RM RW,70,23,175,73,,rennais,9.0,3,RW,Left,-
750,-,,ESP,14,Keke,Guillermo,DM CM,80,27,176,0,,bilbao,48.0,2,sub,Right,-
751,-,,SEN,13,Sally,Aeruto,CB,73,22,189,81,,angers,7.7,2,sub,Right,-
752,-,,NGR,2,Npute,Babajide,CM LM,70,21,177,72,,angers,1.0,3,sub,Left,-
753,-,,TUN,19,Kerzhavi,Pasfarit,ST CF,75,31,185,0,,angers,29.0,3,sub,Right,-
755,-,,FRA,23,Magdenogdia,Emanuele,DM CM,71,19,181,87,,rennais,1.0,4,RCM,Right,-
756,-,,FRA,6,Kamu,Incissé,RB RM,79,24,179,80,,marseille,24.0,1,RB,Right,-
757,-,,COL,35,Villero,Jalin,AM LW,67,18,171,77,,realmadrid,1.0,5,sub,Right,-
758,-,,MOR,3,Anchiri,Yaiair,CB,74,25,187,78,,astonvilla,13.7,3,sub,Right,-
759,-,,GRE,8,Khantzenis,Pietris,RW RM,69,22,178,72,,paok,7.1,3,sub,Left,-
760,-,,TUN,5,Nouir,Tabat,CB,73,27,189,0,,auxerre,21.0,2,sub,Right,-
761,-,,CRO,7,Remušac,Ljubomir,GK,76,36,189,0,,dinamozagreb,28.0,2,sub,Right,-
762,sub,,BRA,9,Sandre,Gabriel,RB,81,28,176,0,,psg,53.0,2,RB,Right,-
763,-,,ITA,13,Pillvestri,Calaro,DM CM,71,22,180,77,,roma,12.0,3,sub,Right,-
764,sub,,POR,22,Cenes,Thiago,CB,76,34,184,0,,braga,31.4,3,LCB,Right,-
765,-,,CRO,5,Jasnić,Marko,CM,74,23,178,77,,braga,11.6,2,CM,Right,-
766,-,,POR,10,Bernard,Fred,AM CM,80,25,176,82,,braga,29.0,1,AM,Right,-
767,-,,SOM,1,Disa,Mahed,ST CF,72,20,182,77,,molde,10.0,3,sub,Right,-
768,-,,TUN,13,Elfi,Unir,CM,74,24,179,76,,malmo,17.5,2,sub,Right,-
769,-,,SWE,3,Andersen,Vetten,CB,73,21,187,74,,malmo,2.0,3,sub,Right,-
770,-,,BRA,15,Sarmiento,Lucas,GK,77,37,193,0,,gremio,35.0,3,sub,Right,-
771,-,,BRA,6,Aspentiendo,Joaes,CB,73,26,185,76,,gremio,18.0,3,sub,Right,-
772,-,,GER,15,Samad,Alen,CB,75,27,180,0,,koln,28.0,1,LCB,Right,-
773,-,,BEL,10,Thieris,Tim,LW SS AM,84,30,176,0,,feyenoord,70.0,3,LW,Right,-
774,-,,BRA,9,Neres,Federio de Neceste,ST CF,80,29,182,0,,rsca,51.0,2,CF,Right,-
775,-,,SVN,6,Kaice,Nikolej,CF ST,76,22,193,83,,hannover,23.5,3,sub,Right,-
776,sub,,BRA,10,Andreas,Alex,CM,82,26,179,0,,manchesterunited,50.0,2,sub,Left,-
777,-,,TUN,41,Al-Darr,Mohammed,GK,70,34,184,0,,reims,15.0,2,GK,Right,-
778,-,,GER,30,Max,Füler,CF,73,23,190,80,,bayerleverkusen,7.0,1,sub,Right,-
779,-,,HUN,9,Badtzil,Leonszai,ST CF,73,24,183,75,,ferencvarosi,9.3,2,sub,Right,-
780,-,,FRA,2,Diassisi,Piatru,RB,70,19,181,84,,reims,1.0,3,RB,Right,-
781,-,,ESP,5,Leseme,Mattio,AM RW SS,79,22,180,83,,atleticodemadrid,16.0,2,sub,Left,-
782,-,,RSA,4,Mauda,Adam,LW,68,21,173,72,,parisfc,1.0,3,sub,Right,-
783,sub,,POR,7,Proviso,Manuel,CB RB,74,23,183,81,,braga,16.0,3,RCB,Right,-
784,-,,GAM,9,Gomis,Luawdu,RW,72,24,180,75,,elche,11.0,3,sub,Left,-
785,-,,ESP,2,Zuzu,Aliberto,LB,71,36,172,0,,elche,15.6,2,sub,Left,-
786,-,,CAN,4,Vanglerkap,Nick,GK,73,35,187,0,,fulham,24.0,1,sub,Right,-
787,-,,NED,22,Dinvijk,Jil,CB,69,37,184,0,,feyenoord,10.0,2,sub,Right,-
788,-,,NED,8,Flekker,Roger,CM,75,22,179,80,,az,14.0,3,sub,Right,-
789,-,,USA,19,Baktung,Omari,CB,76,28,188,0,,fulham,32.0,1,sub,Right,-
790,-,,GER,4,Tinb,Floren,CB,75,23,183,81,,bayerleverkusen,13.0,2,RCB,Both,-
791,-,,ITA,4,Ricci,Andres,SS ST,74,31,175,0,,lecce,24.0,3,sub,Right,-
792,sub,,TUR,22,Korkmazi,Saglan,RB RM,68,29,172,0,,galatasaray,8.8,1,sub,Right,-
793,-,,GHA,23,Souriyani,Amel,RB,73,28,178,0,,galatasaray,23.8,3,RB,Right,-
794,-,,TUR,24,Dinceri,Imel,DM,69,32,176,0,,galatasaray,11.2,2,sub,Right,-
795,-,,WAL,2,Andersen,Jaylen,LB,77,22,178,82,,fulham,18.3,3,sub,Left,-
796,RCM,,GRE,14,Mertsakis,Eristratos,CM,74,34,178,0,,olympiacos,24.5,3,CM,Right,-
797,-,,ITA,3,Zabella,Darmian,RB,76,35,173,0,,fiorentina,31.2,2,sub,Right,-
798,-,,SCO,14,Greir,Thomas,CM,77,33,180,0,,celtic,34.0,2,sub,Left,-
799,-,,ARG,5,Valde,Nicolas,CM,75,23,178,85,,realsociedad,24.0,4,sub,Both,-
800,-,,IRN,22,Arstani,Meysa,CB,72,27,188,0,,rsca,13.5,1,sub,Right,-
801,-,,POL,4,Baczinski,Radwin,AM RM,76,34,175,0,,schalke,31.0,2,sub,Left,-
802,-,,JPN,14,Nagasawa,Kasuma,CB,78,32,188,0,,stuttgart,39.0,2,sub,Right,-
803,-,,GER,11,Ikbel,Uray,CB,73,24,185,77,,gladbach,11.3,3,sub,Right,-
804,-,,SRB,10,Lazetić,Voja,CF ST,71,21,189,79,,partizan,1.0,2,sub,Right,-
805,-,,GAM,33,Marenah,Jeremy,LW LM,80,22,175,83,,ajax,16.0,2,LW,Right,-
806,-,,DEN,9,Biellande,Mark,ST CF,74,34,185,0,,copenhagen,24.0,3,CF,Right,-
807,-,,TUR,18,Tuncaj,Bascar,CB,68,32,182,0,,galatasaray,9.0,2,sub,Right,-
808,-,,TUR,21,Cagir,Oniagli,GK,71,24,191,77,,galatasaray,11.0,3,sub,Left,-
809,-,,BIH,25,Ažić,Mijajlo,CB,69,23,189,73,,galatasaray,4.7,3,sub,Right,-
810,-,,ALB,28,Bisqeraj,Miram,RB,78,29,176,0,,arsenal,40.0,2,RB,Right,-
811,-,,BEL,19,Roppen,Daniel,GK,79,24,192,89,,standard,37.0,3,GK,Right,-
812,-,,GER,12,Schilt,Leonard,CM,74,32,178,0,,schalke,25.1,2,sub,Right,-
813,-,,ROU,8,Delerces,Mihailis,CM DM,79,28,179,0,,feyenoord,43.8,4,LCM,Left,-
814,-,,SRB,20,Marković,Nikola,RB,71,26,176,0,,redstar,12.0,2,sub,Right,-
815,-,,FRA,26,Moussa,Lamari,LW AM,79,28,176,0,,spartakmoscow,44.5,3,LW,Right,-
816,-,,MOR,2,Chardir,Brahbbar,LB LM,69,27,174,0,,galatasaray,9.4,1,sub,Left,-
817,-,,TUN,8,Amhiri,Ilsaad,DM,73,21,178,78,,copenhagen,12.0,3,DM,Right,-
818,-,,UKR,6,Erdechuk,Rasim,CB,77,33,188,0,,shakhtar,35.4,2,sub,Right,-
819,-,,UKR,12,Sinsiyakoviy,Stanislav,CM,75,29,181,0,,shakhtar,29.0,3,sub,Left,-
820,-,,ITA,18,Rosario,Crescenzio,CF,75,37,192,0,,milan,28.0,1,sub,Right,-
821,-,,SWE,8,Mehmedi,Dezim,RB,73,33,175,0,,krasnodar,21.5,3,RB,Right,-
822,-,,ENG,9,Jones,Michael-Clark,CM AM,79,23,179,84,,southampton,28.0,3,sub,Right,-
823,-,,BRA,18,Fais,Cuarro de Santos,CB,78,30,188,0,,astonvilla,39.5,2,sub,Right,-
824,-,,COL,6,Mello,Carlos,CM DM,77,26,178,0,,torino,30.0,2,sub,Right,-
825,-,,ENG,2,Meel,Jordan,CB,76,32,193,0,,qpr,31.2,2,sub,Right,-
826,-,,NGR,6,Adwaye,Ouneka,ST CF RW,77,25,181,79,,qpr,12.0,1,sub,Left,-
827,-,,ENG,10,Davison,Aaron,CM,76,34,180,0,,qpr,31.0,3,sub,Right,-
829,-,,RUS,7,Ivanov,Andrei,AM,75,33,174,0,,cskamoscow,27.7,2,LAM,Left,-
830,-,,POR,12,Potago,Luis,LB,70,21,176,81,,tondela,1.0,2,sub,Left,-
831,-,,DEN,1,Ondre-Anderson,Aaige,CM AM,84,30,179,0,,manchesterunited,64.5,2,sub,Right,-
832,-,,ESP,3,Séra,Liono,GK,82,28,183,0,,sevilla,59.2,4,GK,Both,-
833,LCM,,GRE,9,Setas,Bartos,CM,78,32,176,0,,cskamoscow,39.6,2,CM,Left,-
834,-,,ESP,6,Meríz,Jose,CM,79,34,179,0,,malaga,42.0,3,sub,Right,-
835,-,,BEL,14,Digaout,Tim,GK,77,25,192,80,,everton,18.7,3,GK,Right,-
836,-,,ENG,4,Graye,Cavin,RW,82,22,176,86,,chelsea,44.0,3,sub,Left,-
837,-,,KOR,1,Koo,Cho-Weon,GK,72,27,182,74,,bochum,6.5,1,GK,Right,-
839,-,,SVK,10,Kamka,Jan,CM LM,80,27,177,0,,hoffenheim,43.0,1,LM,Left,-
840,-,,HUN,4,Gyoko,Nevid,RW,73,21,180,84,,ferencvarosi,1.0,1,sub,Left,-
841,-,,RUS,4,Kiriakhin,Denis,RB,77,30,178,0,,spartakmoscow,35.3,2,RB,Right,-
842,-,,ROU,4,Cateau,Nicolas,LW,68,21,174,75,,craiova,1.0,2,sub,Right,-
843,-,,SCO,25,Clemmens,Dan,RB RM,75,33,174,0,,celtic,27.0,3,sub,Right,-
844,-,,BUL,5,Podorov,Arsen,GK,71,23,191,76,,ludogorets,2.3,3,sub,Right,-
845,-,,IRN,23,Zoremi,Ifsar,RB,70,34,170,0,,apoel,14.0,2,sub,Right,-
846,-,,CHI,0,Rodriguez,Gaston,LB,80,32,175,0,,FA,0.0,0,sub,Left,-
847,-,,SVN,21,Janec,Predeg,CF,72,29,195,0,,apoel,18.3,2,sub,Left,-
848,-,,CYP,10,Tzefedis,Patassis,AM,74,33,173,0,,apoel,25.6,3,sub,Both,-
849,-,,SUI,13,Zine,Sendres,ST SS,72,22,179,76,,zurich,2.4,2,sub,Right,-
850,-,,BRA,11,Vender,William,AM,70,19,172,82,,manchesterunited,1.0,4,sub,Right,-
851,-,,HUN,2,Velecs,Daniel,CB,68,33,182,0,,ferencvarosi,9.0,2,sub,Left,-
852,-,,RUS,6,Karaseev,Nikolay,RB RM,75,30,176,0,,zenit,27.6,3,sub,Right,-
853,-,,CYP,2,Thanassiu,Alexandros,CB,71,32,192,0,,apoel,15.3,1,sub,Right,-
854,-,,GER,15,Volstadt,Phil,AM SS,82,26,176,0,,hoffenheim,30.0,2,SS,Right,-
855,-,,POL,7,Szymanow,Lukasz,LB,75,25,178,76,,hoffenheim,19.3,3,LB,Left,-
856,-,,CIV,20,Kokó,Yandu,CB,69,32,186,0,,ferencvarosi,10.6,1,sub,Right,-
857,-,,CRO,27,Čolar,Marin,GK,73,38,187,0,,zrinjski,17.5,1,GK,Right,-
859,-,,CZE,6,Sikolarnic,Petr,RB,72,33,177,0,,viktoriaplzen,15.0,3,RB,Right,-
860,-,,CZE,12,Štuper,Tomas,CM DM,68,34,178,0,,viktoriaplzen,8.6,2,DM,Right,-
861,-,,CRO,16,Bobić,Nikola,RW RM,68,23,175,71,,zrinjski,5.5,1,sub,Left,-
862,-,,BIH,3,Hajkić,Zafer,LW AM,69,25,173,74,,sarajevo,5.7,2,sub,Right,-
863,-,,BIH,13,Zijeković,Stefan,CF ST,72,24,188,76,,zrinjski,8.7,3,sub,Left,-
864,-,,CZE,1,Kranic,Nikolej,CF ST,71,20,189,87,,slaviaprague,1.0,3,sub,Right,-
866,-,,CZE,4,Krat,Petr,CM,68,19,179,79,,slaviaprague,1.0,4,sub,Right,-
867,-,,SRB,16,Drenović,Nemanja,RB,68,19,180,74,,slaviaprague,1.1,4,sub,Right,-
869,-,,CRO,6,Barić,Matej,RB,76,22,176,80,,dinamozagreb,1.0,1,sub,Right,-
870,-,,CZE,6,Zedela,Martin,DM,71,24,185,77,,slaviaprague,12.5,2,sub,Right,-
871,-,,POR,12,Jorge,Eldes,CB RB,72,25,182,73,,braga,10.2,1,RB,Right,-
872,-,,SVN,16,Hanišič,Lovre,CB,76,37,193,0,,maribor,27.0,2,sub,Right,-
873,RAM,,TUR,3,Demiroglou,Fadit,AM RM,79,27,179,0,,galatasaray,39.5,2,RM,Left,-
874,-,,SVN,6,Taman,Bernard,RB CB,74,25,183,76,,maribor,8.0,2,sub,Right,-
875,-,,FRA,17,Diander,Chevery,CB,75,32,184,0,,marseille,28.0,2,LCB,Right,-
876,-,,LUX,6,Rodrigues,Marc Andre,LB,74,24,176,77,,feyenoord,8.6,2,LB,Left,-
877,-,,SUR,9,Weelms,Duncan,LW ST,79,23,182,80,,psv,26.0,3,LW,Right,-
879,sub,,TUR,5,Atin,Saybal,AM,73,23,173,83,,qarabag,8.0,3,sub,Right,-
881,-,,FRA,20,Ugo,Le Cente,CM,70,19,180,81,,lyon,1.0,4,sub,Right,-
882,-,,NED,7,Haarterer,Ejitweeg,GK,76,25,188,77,,ajax,17.5,2,GK,Right,-
883,-,,BEL,17,Fekonen,Timhy,LB,77,32,176,0,,clubbrugge,35.2,2,sub,Left,-
884,-,,RUS,11,Chandirov,Ivan,ST CF,71,29,183,0,,samara,16.0,3,sub,Left,-
885,-,,DEN,3,Larsen,Niels,CB RB,76,21,187,82,,ajax,1.0,2,LCB,Right,-
886,-,,FRA,10,Bastill,Norman,CM AM,76,32,179,0,,lille,31.8,3,CM,Right,-
887,LB,,TUR,5,Mecteh,Emrem,LB,72,31,175,0,,trabzonspor,18.4,3,LB,Left,-
888,-,,ARG,10,Medina,Cambioso,ST CF,79,29,180,0,,boca,43.8,3,sub,Right,-
889,-,,CPV,7,Xever,Samuel,LW,78,23,176,80,,clubbrugge,34.0,4,sub,Right,-
890,-,,ROU,28,Kasperianou,Gregorio,GK,76,29,193,0,,deportivocoruna,31.7,3,GK,Right,-
891,-,,ESP,2,David,Ayol,GK,77,25,185,80,,realsociedad,22.0,2,GK,Right,-
892,-,,SCO,80,Austin,Davey,CF,78,29,185,0,,rangers,40.0,3,sub,Right,-
894,-,,UKR,3,Kotoplyanko,Konstantyn,DM,75,24,184,79,,dynamokyiv,13.8,3,DM,Right,-
895,-,,UKR,9,Sidrayev,Denys,ST CF,73,21,185,81,,shakhtar,1.0,2,sub,Right,-
896,-,,UKR,7,Zhitoryi,Danyl,GK,73,27,187,0,,shakhtar,18.0,3,GK,Right,-
897,-,,GUB,42,Dioma,Quasi,RW AM,67,18,169,76,,braga,1.0,5,sub,Left,-
898,-,,DEN,12,Ilve,Jens-Andres,CM,71,33,178,0,,midtjylland,15.3,2,sub,Right,-
899,-,,ITA,12,Ponceso,Guillamo,CM DM,81,23,179,83,,juventus,50.0,4,sub,Right,-
900,sub,,GRE,20,Adolas,Ionnidis,CB,70,28,185,0,,olympiacos,13.2,2,CB,Right,-
901,-,,ITA,1,Santini,Leonardo,ST SS,81,29,178,0,,inter,53.3,3,sub,Both,-
902,-,,RUS,12,Safalaretski,Sergei,LB,67,32,175,0,,nizhniy,7.1,2,sub,Left,-
903,-,,BRA,10,Pereise,Aranho,CM,76,30,176,0,,dynamokyiv,31.6,3,CM,Left,-
904,-,,UKR,5,Yarduk,Simon,CM,71,33,178,0,,shakhtar,15.5,2,sub,Right,-
905,-,,SUI,24,Zabaredi,Adriani,DM,73,23,179,77,,basel,1.0,1,sub,Left,-
906,-,,NED,4,Baden,Ricks,CM,76,24,182,80,,werder,20.0,3,sub,Right,-
907,sub,,BRA,10,Mariano,Junior,ST CF,85,25,183,87,,dortmund,50.0,2,sub,Right,-
908,-,,ITA,7,Iratore,Aldari,DM CM,79,29,178,0,,sassuolo,45.0,2,sub,Right,-
909,-,,CZE,15,Brnava,Jancl,GK,77,29,192,0,,lazio,35.2,3,GK,Right,-
910,-,,SUI,22,Keffer,Miendle,GK,78,29,192,0,,bayerleverkusen,34.0,1,GK,Right,-
911,-,,ITA,26,Cavio,Filippo,GK,72,21,184,81,,udinese,1.0,3,GK,Right,-
912,-,,ISL,1,Ingurtssen,Alexander,AM CM,83,31,180,0,,tottenham,64.0,2,sub,Right,-
913,-,,CIV,3,Tangaré,Richard,AM SS,80,22,179,84,,youngboys,5.0,2,sub,Right,-
914,-,,SUI,7,Reddier,Thymon,LW,76,25,177,77,,youngboys,14.0,1,sub,Right,-
915,-,,TUR,2,Kaberi,Adhan,ST SS,69,25,174,70,,bursaspor,4.5,2,sub,Right,-
917,-,,MON,8,Brasherre,Christian,CB,68,29,188,0,,reims,8.7,2,RCB,Right,-
918,-,,FRA,1,Bioup,Didaye,CB,65,21,195,79,,toulouse,1.0,2,sub,Right,-
919,-,,FRA,11,Badile,Jean-Clarmont,CB,71,21,190,83,,auxerre,1.0,2,sub,Right,-
920,-,,GER,8,Belder,Nick,LB,70,20,176,78,,unionberlin,1.0,3,LB,Left,-
921,-,,ITA,7,Natale,Gino,CB,82,29,188,0,,udinese,58.0,3,LCB,Right,-
922,-,,NED,5,Eedwijn,Robert,RB,77,24,178,82,,twente,22.3,1,RB,Right,-
923,-,,SRB,33,Jović,Ilija,RW RM,67,19,176,83,,parma,1.0,3,RM,Left,-
924,-,,PAR,4,Valdaraz,Aguilo,LB,75,23,175,79,,ajax,7.3,1,LB,Left,-
925,-,,ITA,10,Gavanno,Nicolo,ST SS,70,21,179,75,,parma,1.0,2,SS,Right,-
926,-,,MKD,17,Zajevski,Emir,RW RM,74,25,177,75,,udinese,7.0,3,RW,Left,-
927,-,,BFA,7,Traore,Willtran,RB RM,77,25,177,78,,torino,18.0,1,sub,Right,-
928,-,,FRA,6,Dembsy,Malouda,RB,72,25,176,73,,rennais,9.0,1,RB,Right,-
929,-,,ESP,26,Callejo,Alex,CB RB,79,25,184,82,,realmadrid,26.5,2,sub,Right,-
930,-,,KAZ,3,Ruslanov,Amir,AM RW,72,25,179,74,,montpellier,8.7,1,AM,Left,-
931,-,,ARG,24,Eradozola,Iker,LB,80,24,173,84,,racing,18.0,2,sub,Left,-
932,-,,RUS,7,Lykashev,Nikolay,CB LB,69,32,179,0,,lokomotivmoscow,10.5,2,sub,Left,-
933,-,,RUS,6,Luchshev,Timon,RW,72,23,175,77,,nizhniy,8.6,3,sub,Left,-
934,-,,RUS,5,Teodorov,Vyiacheslav,CM,74,31,179,0,,spartakmoscow,26.0,2,RCM,Left,-
935,-,,SRB,15,Banovac,Milan,CB,65,37,186,0,,vojvodina,3.5,1,sub,Right,-
936,-,,BIH,21,Alibašić,Husejin,CM,77,33,181,0,,hsv,35.1,1,LCM,Left,-
937,-,,RUS,3,Azdarov,Simon,RB,71,32,173,0,,lokomotivmoscow,15.5,2,sub,Right,-
938,-,,CRO,2,Spahić,Ante,CB,76,35,187,0,,basaksehir,31.2,3,sub,Left,-
939,-,,TUR,30,Uncel,Ehmet,LW,75,23,175,77,,basaksehir,9.0,1,sub,Right,-
940,-,,FRA,9,Solano,Matauis,AM SS RW,72,24,179,80,,reims,7.0,1,AM,Left,-
941,-,,DEN,14,Mietaenansen,Andreas,RB,77,25,173,82,,bologna,24.0,3,sub,Right,-
942,-,,BRA,26,Gemêno,Jairo de Junior,LW LM SS,82,22,180,86,,bayern,12.0,2,sub,Right,-
943,-,,RUS,26,Golnikov,Mihail,CB,67,36,185,0,,nizhniy,6.8,1,sub,Right,-
944,-,,SVN,11,Jurisinec,Vlatko,CB,69,31,189,0,,olimpijaljubljana,11.0,1,sub,Right,-
945,-,,RUS,12,Egarovaev,Sasha,CB,72,25,187,78,,zenit,6.0,3,sub,Right,-
946,-,,POL,25,Peterek,Fabian,CB,66,20,188,79,,sochaux,1.3,3,sub,Right,-
947,-,,ALG,10,Yassim,Abdul,AM SS,71,24,176,73,,asse,7.0,1,sub,Left,-
948,-,,TRI,45,Clevel,Lindon,CM AM,67,22,179,75,,nice,2.0,2,sub,Right,-
950,-,,FRA,7,Rignou,Jean-LeLuc,ST CF,77,32,182,0,,bologna,36.0,2,sub,Right,-
951,-,,ITA,6,Fagiolo,Luca,DM,76,23,182,79,,bologna,16.0,3,sub,Right,-
952,GK,,WAL,2,Strott,Kevin,GK,75,36,189,0,,southampton,27.6,1,sub,Right,-
954,-,,GER,14,Hinrisch,Tomas,LB,75,32,175,0,,bayerleverkusen,27.5,2,LB,Left,-
955,-,,CMR,34,Moudeh,Abreim,DM CB,66,20,182,83,,asse,1.0,3,sub,Right,-
956,-,,FRA,10,Romagnon,Jean-Aclerc,CM,73,34,180,0,,reims,21.8,3,CM,Right,-
957,-,,BFA,1,Badamos,Ourland,CF ST,71,27,186,0,,reims,15.9,1,CF,Right,-
958,-,,FRA,5,Matare,Jonathan,LW LM,67,20,175,69,,reims,1.0,3,LW,Right,-
959,-,,FRA,12,Geuremen,Dalen,CB,67,35,182,0,,reims,6.9,2,sub,Right,-
960,-,,MON,26,Leons,Nicolas,CM AM,63,19,178,73,,reims,1.0,3,sub,Right,-
961,-,,BUL,4,Senderov,Gavril,ST SS,74,30,179,0,,ludogorets,24.4,2,sub,Right,-
962,-,,BUL,9,Antoniev,Martin,CB,69,21,192,76,,ludogorets,1.0,2,sub,Right,-
963,-,,PAR,12,Lamas,Thiago,RW RM,74,31,173,0,,olympiacos,26.3,2,RM,Left,-
965,-,,ESP,2,Jirez,Maximiliano,CM,72,23,178,75,,granada,7.0,3,sub,Right,-
966,-,,ALB,1,Laci,Murat,CB,73,25,183,75,,twente,11.0,1,LCB,Right,-
967,-,,NED,23,Bower,Edrig,CB,71,36,186,0,,twente,15.3,2,RCB,Right,-
969,-,,GEO,11,Dauladze,Gaga,RW,71,28,178,0,,reims,15.7,2,RW,Left,-
970,-,,SVK,6,Petrnek,Marcin,CF,75,23,190,82,,slovan,11.6,3,sub,Right,-
971,-,,SVK,19,Hrasni,Albert,CB,70,36,188,0,,slovan,13.0,2,sub,Right,-
972,-,,NGR,9,Obianki,Adou,LW ST CF,72,27,181,0,,slovan,17.8,2,sub,Right,-
973,-,,HUN,6,Zerkezi,Abosz,RB RM,70,25,172,72,,ferencvarosi,7.0,1,sub,Right,-
974,-,,UKR,15,Odyenko,Pavel,CB,70,33,185,0,,shakhtar,13.0,3,sub,Right,-
975,sub,,GRE,4,Bourlakis,Mandaris,LB LM,70,28,175,0,,olympiacos,13.1,1,LM,Left,-
976,-,,ESP,8,Fuentes,Unay,CB,76,29,187,0,,bilbao,32.0,3,sub,Left,-
977,-,,AUT,4,Khlaister,Oulmer,CM,72,32,178,0,,lask,18.2,2,sub,Right,-
978,-,,ITA,6,Berdiacomo,Marco,GK,81,28,194,0,,fiorentina,49.7,3,GK,Right,-
979,-,,FIN,12,Niettunen,Mikki,RB,67,19,177,78,,sarpsborg,1.0,3,sub,Right,-
980,-,,FIN,30,Trekkatiaju,Artur,CM,73,31,177,0,,hjk,21.0,2,sub,Right,-
981,-,,NOR,6,Frasen,Line,RW RM,68,24,175,69,,rosenborg,6.0,1,sub,Left,-
982,-,,CIV,4,Bakará,Ousmane,LW,74,25,177,75,,torino,13.5,2,sub,Right,-
984,-,,ALB,23,Mushu,Anert,GK,74,25,185,75,,braga,19.0,3,GK,Right,-
985,-,,ESP,6,Issail,Monero,CB,74,26,188,76,,bilbao,15.1,2,sub,Right,-
986,-,,CRO,8,Rožić,Marko,DM,73,26,178,76,,dinamozagreb,8.0,1,sub,Right,-
987,-,,BRA,11,Siva,Joao,AM,79,30,175,0,,shakhtar,45.0,2,sub,Left,-
988,-,,ESP,10,Martín,Santiago,CM,77,29,179,0,,bilbao,35.3,3,sub,Right,-
989,-,,ESP,8,Munair,Juan,RB RM,77,33,173,0,,valencia,35.4,2,RB,Right,-
990,-,,ITA,8,Fratessi,Gianmarco,CM,75,29,180,0,,sassuolo,28.3,2,sub,Right,-
991,-,,SCO,27,Sewell,Devin,RB,69,34,172,0,,celtic,11.0,2,sub,Right,-
992,-,,MEX,30,Chavez,Luis,RW SS RM,80,24,175,83,,inter,40.0,3,sub,Left,-
993,-,,ITA,4,Maggiore,Federico,GK,74,36,187,0,,sassuolo,24.4,2,sub,Right,-
994,-,,NZE,19,Calick,Michael,CB,79,34,189,0,,newcastle,44.2,1,sub,Right,-
995,-,,ESP,7,Telles,Valerio,GK,78,27,192,82,,roma,35.5,3,GK,Right,-
996,-,,UKR,32,Batayev,Vasyl,CB,66,35,186,0,,dnipro,5.0,2,sub,Right,-
997,-,,ESP,5,Rincon,Paul,DM,80,30,177,0,,valencia,48.0,1,DM,Right,-
998,-,,ENG,1,Ilkins,Dominick,ST SS,77,31,177,0,,stoke,37.3,3,sub,Right,-
999,-,,ENG,12,Preston,John,CB,71,27,188,0,,stoke,9.1,2,sub,Right,-
1000,-,,NGE,23,Baloma,Youssef,DM,66,20,186,81,,jablonec,1.0,2,sub,Right,-
1001,-,,ENG,18,Doyle,Ryan,DM,77,26,179,79,,everton,23.0,2,sub,Right,-
1002,-,,POL,6,Zlin,Micail,RW,73,22,179,77,,legia,15.0,3,sub,Left,-
1003,-,,PER,9,Caradillo,Luiz,CF ST,78,33,186,0,,riverplate,43.0,1,sub,Right,-
1004,-,,TUR,33,Yambadir,Izim,RB,67,31,175,0,,antalyaspor,7.2,2,sub,Right,-
1005,-,,CZE,13,Jancik,Meneš,CB,71,34,191,0,,viktoriaplzen,15.3,3,LCB,Right,-
1006,-,,SVN,5,Levden,Aleksej,CM DM,68,25,179,70,,maribor,4.1,2,sub,Right,-
1007,-,,SVN,27,Samkar,Denis,RB RM,73,30,177,0,,fenerbahce,22.3,2,sub,Right,-
1008,-,,NED,11,Ostern,Robin,LB,69,35,179,0,,twente,10.5,1,LB,Left,-
1010,-,,BRA,41,Cavaleiro,Caio,LW,74,19,177,87,,corinthians,2.2,4,sub,Right,-
1011,-,,POR,1,Alejandre,Miguel,CB,67,19,187,79,,benfica,1.0,4,sub,Right,-
1012,-,,ARG,2,Bellardin,Exequiel,AM CM,82,29,174,0,,roma,60.0,3,sub,Left,-
1013,-,,ARG,46,Gonzalez,Angelo Nicolas,LB,71,22,178,78,,lazio,10.2,3,sub,Left,-
1014,-,,BEL,2,Dafin,Steffen,CM,71,35,177,0,,dudelange,15.6,2,sub,Right,-
1015,-,,GER,8,Henricks,Albert,CB,76,25,189,80,,stuttgart,15.1,1,sub,Right,-
1016,-,,CZE,8,Tomašek,Janel,RM RW SS,72,35,175,0,,viktoriaplzen,18.5,3,RM,Left,-
1017,-,,ITA,66,Trignontte,Alfiedo,GK,74,22,188,77,,napoli,14.0,3,sub,Right,-
1018,-,,UKR,9,Teofenov,Egor,RB RM,75,30,178,0,,dynamokyiv,28.0,2,RB,Right,-
1019,-,,BLR,17,Morsovech,Adam,CB,67,36,185,0,,minsk,6.9,2,sub,Right,-
1021,-,,ARG,15,Savarián,Matias,AM,69,18,178,83,,boca,1.0,5,sub,Right,-
1022,-,,SVN,30,Stanković,Dragan,CM,70,32,180,0,,maribor,13.0,1,sub,Right,-
1023,-,,BRA,44,Renates,Miguel,DM,74,29,177,0,,lazio,20.4,1,sub,Right,-
1024,-,,ITA,1,Pessano,Luigi,GK,71,26,195,73,,lazio,6.6,1,sub,Right,-
1025,-,,ZAM,28,Wadabwueke,Amdi,RW,69,20,177,79,,nantes,1.0,3,RW,Left,-
1026,-,,ISR,5,Ziker,Akat,RW RM,72,25,178,77,,maccabitelaviv,14.0,3,sub,Left,-
1027,-,,ALB,4,Paxhaj,Uzum,RW,74,25,184,78,,lille,14.0,2,RW,Left,-
1028,-,,CZE,58,Nedvedni,Boris,CB,70,38,196,0,,spartapraha,13.1,2,sub,Right,-
1029,-,,SWE,33,Lukberg,Sven,RB RM,72,30,174,0,,aik,18.3,2,sub,Right,-
1030,-,,RUS,20,Muradov,Denis,RW RM,69,22,180,76,,krasnodar,2.9,2,RW,Left,-
1031,-,,AUT,14,Kanp,Julien,CM,75,29,178,0,,hannover,27.5,3,sub,Left,-
1032,-,,SWE,3,Tomasson,Alias,CF,74,33,191,0,,braga,25.7,1,CF,Right,-
1033,-,,UKR,6,Yurko,Stefan,CB,70,20,190,79,,dnipro,1.0,3,sub,Right,-
1034,-,,FRA,22,Kambala,Maxim,DM CB,69,20,183,79,,reims,1.0,3,DM,Right,-
1035,-,,POR,2,Miguelinho,-,DM CM,70,22,174,82,,tondela,3.0,3,sub,Right,-
1037,-,,ITA,11,Endreozzi,Alberto,AM,75,34,178,0,,lazio,30.0,1,LAM,Right,-
1038,-,,SVN,8,Gašper,Jan,CB,68,37,184,0,,olimpijaljubljana,8.7,2,sub,Right,-
1039,-,,CZE,5,Mranez,Ivany,CB,68,20,187,75,,slaviaprague,1.0,3,sub,Right,-
1040,-,,MON,16,Fonseco,Tony,LW AM,64,26,179,0,,nantes,1.6,2,sub,Right,-
1041,-,,ARG,1,Asantone,Ilberto,CB,74,21,191,81,,riverplate,1.0,2,sub,Right,-
1042,-,,POL,7,Lakowski,Jakub,GK,71,22,193,75,,lech,6.7,2,sub,Right,-
1043,-,,UKR,2,Laponyi,Sergei,GK,71,26,195,0,,astana,16.1,3,sub,Right,-
1044,-,,NED,14,Flemmings,Kleist,DM,75,25,183,84,,twente,13.0,2,DM,Right,-
1045,-,,SUI,8,Huesler,Victor,LB LM,74,32,180,0,,basel,24.2,2,sub,Left,-
1046,-,,ENG,3,Abelay,Eric,RW SS,85,29,175,0,,arsenal,80.0,2,RW,Left,-
1047,-,,UKR,2,Sharpanov,Marko,LB,70,21,180,81,,dynamokyiv,1.0,2,sub,Left,-
1048,-,,CRO,13,Siđević,Bojan,CB,68,37,193,0,,hajduk,8.3,2,sub,Right,-
1049,-,,CRO,10,Martino,Andrej,AM,74,20,184,85,,dinamozagreb,1.0,3,sub,Right,-
1050,-,,BRA,9,Soldadio,Joan,CF,76,28,185,0,,rubinkazan,33.1,3,sub,Right,-
1051,-,,UKR,18,Seschov,Matviyn,DM CM,68,33,182,0,,dynamokyiv,9.1,1,sub,Left,-
1052,-,,ZBW,30,Kadawo,Niadide,CF,69,19,189,79,,salzburg,1.0,3,sub,Right,-
1053,-,,AUT,28,Poller,Valentino,CB,66,20,196,78,,salzburg,1.0,3,sub,Left,-
1054,-,,GER,2,Nnam,Phillip,LB LM,75,25,174,77,,eintracht,12.4,2,LB,Left,-
1055,-,,CZE,2,Sadek,Petr,RW,65,18,176,82,,slaviaprague,1.0,4,sub,Left,-
1056,-,,CRC,1,Aguilar,Yunier,CB,79,33,185,0,,atleticodemadrid,43.7,2,sub,Left,-
1057,-,,BRA,8,Vitor,Carl,CB,77,26,186,82,,saopaulo,14.5,1,sub,Right,-
1058,sub,,BRA,5,Matavio,-,DM CM,80,24,177,82,,fluminense,29.0,2,sub,Right,-
1059,-,,BRA,13,Rogueres,Diego,GK,73,35,183,0,,corinthians,22.2,2,sub,Right,-
1060,sub,,GRE,7,Pavlidis,Antonis,ST SS,70,31,180,0,,panathinaikos,13.0,3,sub,Right,-
1061,-,,BEL,12,Sion,Maxwell,CB,72,32,180,0,,paok,20.0,2,sub,Right,-
1062,-,,GER,2,Beiur,Fuhrland,RW SS,74,22,175,79,,hsv,16.0,3,SS,Left,-
1063,-,,DRC,15,Lakumi,Vincente,RB RM,73,21,179,77,,clubbrugge,1.0,2,sub,Right,-
1064,-,,DEN,7,Mitdso,Andres,RB,74,24,177,77,,midtjylland,8.0,1,sub,Right,-
1065,-,,ESP,3,Soldo,Carlos Ayizo,AM,73,23,175,75,,getafe,9.6,2,sub,Right,-
1066,-,,EGY,15,Husseini,Amed,DM,69,22,184,79,,rennais,1.3,1,DM,Left,-
1067,-,,RUS,2,Nevotniyev,Denis,GK,74,26,197,76,,spartakmoscow,18.0,2,GK,Right,-
1068,-,,CZE,13,Vrcnel,Lukasz,CB,69,25,193,71,,slaviaprague,7.1,1,sub,Right,-
1069,-,,BEL,1,Castan,Simon,GK,75,33,192,0,,feyenoord,28.0,1,GK,Right,-
1070,-,,ITA,18,Rugnolli,Silvestre,CB,70,19,193,84,,chievo,1.0,4,sub,Right,-
1071,-,,POR,19,Ignacio,Marc,LW,69,19,181,87,,benfica,1.0,4,sub,Right,-
1072,-,,FRA,1,Sottor,Kevin,CF,72,33,183,0,,montpellier,19.7,2,sub,Right,-
1073,-,,POL,3,Konwalski,Bartosz,GK,72,34,189,0,,besiktas,19.1,3,GK,Right,-
1075,-,,BEL,1,Sierro,Danny,GK,80,35,191,0,,rsca,50.0,3,GK,Right,-
1076,-,,ESP,31,Uáz,Diego,RW,70,21,176,76,,valencia,5.1,3,sub,Left,-
1077,-,,GER,6,Kain,Patrick,GK,77,29,190,0,,koln,37.5,2,GK,Right,-
1078,-,,ECU,2,Moreiros,Iyago,CB,78,26,193,81,,portimonense,19.3,1,RCB,Right,-
1079,-,,GRE,37,Lenermakis,Alexandros,CM,67,19,183,78,,olympiacos,1.0,4,sub,Right,-
1080,-,,POR,1,Pinto,Jose,GK,73,37,195,0,,portimonense,21.7,2,GK,Right,-
1081,-,,DRC,33,Mbalanga,David,DM CM,74,25,181,77,,marseille,13.4,2,RCM,Right,-
1082,-,,MLI,26,Yoye,Mendy,LB,66,18,179,80,,rennais,1.0,4,LB,Left,-
1083,sub,,TUR,2,Ayban,Altin,CB,71,31,188,0,,besiktas,16.1,3,sub,Right,-
1084,-,,CZE,24,Čotka,Ladislav,CM,65,38,179,0,,viktoriaplzen,8.4,1,sub,Right,-
1085,-,,ESP,3,Perré,Belman,CB,70,36,185,0,,olympiacos,13.9,2,sub,Left,-
1086,-,,HON,27,Nathandez,Emilio,GK,76,37,197,0,,realmadrid,32.0,1,sub,Right,-
1087,-,,CZE,25,Valat,Matuš,LM LW,66,19,176,71,,viktoriaplzen,1.0,3,LM,Right,-
1088,-,,ITA,52,Naldo,Luca,CB RB,63,19,184,70,,lazio,1.0,3,sub,Right,-
1089,-,,RUS,6,Brezniak,Pavel,CB,76,32,187,0,,spartakmoscow,32.7,2,RCB,Right,-
1090,-,,GER,12,Weihle,Thomas,DM CM,77,32,183,0,,hoffenheim,37.3,2,DM,Left,-
1092,-,,FRA,9,Nilés,Anthony,ST CF,71,19,188,86,,nantes,1.0,4,CF,Right,-
1093,-,,UKR,26,Bodalenko,Luka,RB,73,20,180,78,,realsociedad,8.6,3,sub,Right,-
1094,-,,GER,6,Riemman,Kevin,RB,82,28,178,0,,dortmund,37.3,2,sub,Right,-
1095,-,,DRC,19,Sikadi,Wissy,CB,69,21,191,74,,nantes,1.0,2,LCB,Left,-
1096,-,,SWE,10,Sanson,Andre,RW SS,79,25,177,81,,malmo,13.5,1,sub,Left,-
1097,-,,POR,9,Rubeiros,Luis,DM,76,27,182,0,,braga,23.0,2,sub,Left,-
1098,-,,BRA,25,Milson Ederio,-,DM CM,73,25,179,75,,benfica,10.0,1,sub,Left,-
1099,-,,SUI,4,Steigress,Alex,CM,73,31,182,0,,youngboys,21.4,3,sub,Right,-
1100,-,,NED,15,Trafth,Kevin,CM,74,33,179,0,,feyenoord,24.2,1,sub,Right,-
1101,-,,NGR,29,Tebeyeke,Oni,CB,72,21,187,75,,ajax,12.0,3,sub,Right,-
1102,-,,GER,16,Feirtz,Leonardo,CB,72,23,192,74,,hoffenheim,8.0,3,LCB,Right,-
1103,-,,RUS,32,Karpanov,Evgeniy,CB,65,37,189,0,,rostov,5.6,2,sub,Right,-
1104,-,,BUL,27,Grachev,Boris,RB,67,32,182,0,,levskisofia,7.2,2,sub,Right,-
1105,-,,ITA,6,Pittelli,Andrea,CB,66,21,186,73,,parma,1.0,2,CB,Right,-
1106,-,,ITA,11,Diccianzono,Francesco,LB LM,69,37,177,0,,parma,16.0,1,LM,Left,-
1107,-,,UGA,2,Gambula,David,CM,67,21,191,78,,rennais,1.4,3,LCM,Left,-
1108,-,,CRO,6,Lovreč,Mari,CM,70,25,184,74,,rijeka,6.8,1,sub,Right,-
1109,-,,MOZ,14,Marquano,Gonsalo,ST LW,73,25,182,74,,valencia,12.0,1,sub,Right,-
1110,-,,ESP,15,Soler,Marc,CM,76,31,180,0,,valencia,33.0,3,RCM,Right,-
1111,-,,SUI,5,Zimmerman,Maximillian,GK,77,27,195,78,,eintracht,41.0,4,GK,Right,-
1112,-,,JPN,6,Sato,Unuke,RW,75,26,172,0,,eintracht,23.0,2,RW,Left,-
1113,-,,UKR,19,Dymchuk,Roman,CF ST,73,34,190,0,,dynamokyiv,23.4,3,CF,Right,-
1114,-,,NGR,23,Uchukwo,Amen,ST CF,68,20,188,73,,lazio,2.2,3,sub,Right,-
1115,-,,ANG,16,Eldao,-,LM LB,73,25,176,74,,braga,14.0,2,LB,Left,-
1116,-,,BRA,3,Chales,-,CB,69,30,180,0,,tondela,12.0,3,sub,Right,-
1117,-,,CZE,3,Cezdrva,Jan,CB,67,38,187,0,,viktoriaplzen,7.5,2,RCB,Right,-
1118,-,,TUR,23,Sayba,Kenan,LW,66,19,175,73,,fenerbahce,1.0,4,sub,Right,-
1119,-,,ESP,11,Anduri,Ricardo,LB,72,34,172,0,,valencia,18.3,2,sub,Left,-
1120,-,,ESP,14,Ulema,Roberto,DM,78,23,183,83,,atleticodemadrid,16.0,3,sub,Right,-
1121,-,,COL,11,De Cordon,Diego,AM,80,31,179,0,,atleticodemadrid,50.0,2,sub,Left,-
1122,-,,ARG,15,Moranti,Juan,AM,72,24,170,74,,benfica,9.0,1,sub,Right,-
1123,-,,FRA,19,Nnokho,Amadou,DM,71,24,190,77,,toulouse,6.4,2,DM,Right,-
1124,-,,UKR,1,Shuborov,Artem,GK,66,29,194,0,,dnipro,5.7,3,sub,Right,-
1125,-,,ARG,4,Gianttono,Cancellari,CF,76,28,191,0,,udinese,28.0,2,CF,Left,-
1127,-,,SRB,26,Simančić,Luka,CF,63,19,189,81,,santaclara,1.5,4,sub,Right,-
1128,-,,FRA,9,Marschantt,Marc,GK,69,20,189,77,,rennais,1.0,4,GK,Right,-
1129,-,,ZAM,29,Chambo,Samuel,CB,69,20,186,77,,chelsea,3.1,4,sub,Right,-
1130,-,,ESP,13,Lopez-Aranguiz,Miguel,CB,72,36,191,0,,valencia,18.2,1,sub,Right,-
1131,-,,ITA,2,Di Gregorio,Alessandro,CB,74,38,189,0,,parma,23.7,2,RCB,Right,-
1132,-,,MNE,18,Radošević,Vukašin,CB RB,73,25,188,78,,rapidwien,11.6,1,sub,Right,-
1133,-,,GER,7,Heinerst,Gregor,CB,74,33,188,0,,eintracht,24.6,2,RCB,Right,-
1134,-,,BRA,10,Douglas,Rafael,CF ST,80,25,186,84,,palmeiras,32.0,1,sub,Right,-
1136,-,,ITA,6,Piamonte,Lucca,SS,69,26,171,0,,empoli,9.0,1,SS,Left,-
1137,-,,NGR,8,Ndawo,Odo,CF ST,70,24,186,74,,empoli,2.4,3,ST,Right,-
1138,-,,ITA,7,Tarnova,Alex,RM RB,78,28,180,0,,fiorentina,29.3,2,sub,Right,-
1139,-,,SWE,3,Svanberg,Berkke,CM DM,73,27,182,0,,empoli,17.5,2,CM,Left,-
1140,-,,UKR,20,Matviynovich,Alexiy,CB DM,71,21,186,79,,dynamokyiv,5.1,3,RCB,Right,-
1141,-,,ARG,5,Pavon,Nicolas,CM,74,23,179,76,,riverplate,12.0,2,sub,Right,-
1142,-,,FIN,5,Mikkinen,Artur,CB,69,22,190,77,,hjk,6.0,3,sub,Right,-
1143,-,,MKD,15,Stojski,Dobrisav,CM,71,35,178,0,,vardar,15.0,3,sub,Left,-
1144,-,,ITA,15,Di Stefano,Matteo,RW RM,80,27,177,0,,juventus,38.0,3,sub,Left,-
1145,-,,VEN,4,Carascaetta,La Minuel,CM AM,83,33,177,0,,riverplate,65.0,3,sub,Right,-
1146,-,,FRA,28,Sika,Samuel,CB,69,22,199,81,,reims,1.1,1,LCB,Right,-
1147,-,,ENG,17,Brenson,Terrence,LW SS,77,26,178,0,,fulham,13.0,1,sub,Right,-
1149,-,,GER,23,Herd,Jamie,LW,75,20,176,82,,dortmund,14.0,3,sub,Right,-
1150,-,,BRA,4,Bela,Igor,RW RM AM,75,29,174,0,,cruzeiro,30.0,3,sub,Left,-
1152,-,,BRA,3,Minero,Luiz,LW LM,77,30,173,0,,saopaulo,35.4,2,sub,Right,-
1153,-,,BRA,24,Maugusta,Paulinho Georgio,CB,67,22,186,69,,cruzeiro,2.3,3,sub,Right,-
1154,-,,BRA,20,Farnal,Thiago,RW RM AM,77,29,172,0,,astonvilla,36.0,3,sub,Left,-
1155,-,,ESP,9,Rique,Nicolas,CF ST,74,24,194,79,,betis,13.0,2,sub,Right,-
1156,-,,ITA,13,Di Stefano,Luigio,RB CB,73,29,181,0,,napoli,22.3,3,sub,Right,-
1157,-,,ITA,5,Silvestri,Simone,GK,73,35,187,0,,empoli,22.7,2,GK,Left,-
1158,-,,CRO,18,Erić,Kristian,DM CM,74,26,182,75,,genoa,8.4,1,sub,Left,-
1159,-,,GER,27,Kramer,Julian,CB,69,38,187,0,,hoffenheim,13.9,2,sub,Right,-
1160,sub,,BRA,3,Atallo,Marqes,LB,76,33,175,0,,corinthians,32.1,2,sub,Left,-
1162,-,,BEL,21,Praes,Robin,CM,74,22,183,78,,sportinglisabon,17.5,3,sub,Right,-
1163,-,,ISR,10,Abel,David,CM,73,32,179,0,,maccabitelaviv,25.0,4,sub,Right,-
1164,-,,ISR,2,Jenev,Ziv,RB RM,70,31,176,0,,maccabitelaviv,12.9,2,sub,Right,-
1165,-,,FRA,9,Outtaré,Marcus,ST CF SS,72,31,182,0,,maccabitelaviv,22.0,3,sub,Right,-
1166,-,,ITA,7,Caprostti,Giacomo,SS LW LM,71,31,173,0,,empoli,15.7,2,LM,Right,-
1167,-,,TUR,18,Akpenok,Ilsad,CB,68,32,185,0,,basaksehir,8.8,2,sub,Right,-
1168,-,,ITA,1,Lazzo,Andreas,CB,71,31,185,0,,empoli,15.5,1,LCB,Right,-
1169,-,,MLI,14,Ekounake,Balu,CB,72,22,192,76,,hoffenheim,5.7,3,RCB,Left,-
1170,-,,ITA,12,Angelo,-,LM LB,73,26,175,0,,empoli,11.2,1,LB,Left,-
1171,-,,AZE,7,Hafchilayev,Abdulrahim,LB,68,29,178,0,,qarabag,8.7,3,sub,Left,-
1172,-,,BRA,8,Redes,-,CB,72,33,184,0,,qarabag,20.0,2,sub,Right,-
1173,-,,ALB,13,Liran,Sefer,LM LB,71,25,175,75,,tirana,5.2,1,sub,Left,-
1174,-,,CUR,14,Gomey,Leizster,RB RM,72,23,177,74,,feyenoord,10.0,2,sub,Right,-
1175,-,,ARG,23,Benaglio,Carlo,CB,76,34,191,0,,feyenoord,33.1,1,LCB,Right,-
1176,-,,ITA,4,Zanconi,Mattia,AM SS,72,32,179,0,,lazio,19.7,2,sub,Right,-
1177,-,,PAR,4,Cardoza,Roberto,RW,76,29,177,0,,deportivocoruna,34.5,3,RW,Left,-
1178,sub,,GRE,10,Mantzaris,Georgios,DM,70,33,180,0,,panathinaikos,13.2,2,sub,Right,-
1179,-,,HUN,9,Genady,Vaszil,CF,69,26,193,71,,debreceni,4.0,1,sub,Right,-
1180,-,,ESP,2,Ovedo,Sebastian,CB,72,32,182,0,,deportivocoruna,18.6,2,LCB,Right,-
1181,-,,ROU,8,Come,Franu,RW,73,23,178,78,,fcsb,6.4,2,sub,Left,-
1182,-,,ITA,21,Redetti,Dimarco,RB,69,33,178,0,,empoli,10.6,3,RB,Right,-
1183,-,,SRB,14,Latanić,Marko,CM,67,19,181,79,,vojvodina,1.0,4,sub,Right,-
1184,-,,BRA,9,Calles,San-Juano,CB,79,26,187,80,,benfica,24.0,2,RCB,Left,-
1185,-,,URU,31,La Pana,Nico,RW,72,21,176,78,,riverplate,2.3,2,sub,Left,-
1186,-,,CRO,19,Špija,Toni,LW LM,69,20,180,79,,hajduk,1.0,3,sub,Right,-
1187,-,,ITA,12,Gianetto,Carlo,CB,79,34,189,0,,fiorentina,44.0,3,sub,Right,-
1188,-,,LBR,33,Nua,Amen,CB,68,19,190,84,,deportivocoruna,1.0,3,RCB,Right,-
1189,-,,JPN,1,Ito,Masiza,CB,75,25,185,79,,mainz,9.3,1,sub,Right,-
1190,-,,ROU,8,Derganeu,Nicolae,CB,76,31,192,0,,udinese,31.7,2,RCB,Right,-
1191,-,,CNG,26,Bunda,Mauko,RB RM,72,25,174,73,,betis,8.0,2,sub,Right,-
1192,-,,BEL,16,Maxens,Frankie,SS RW,75,21,179,85,,clubbrugge,1.0,3,sub,Left,-
1193,-,,ITA,9,Rucaso,Antonio,SS AM,75,23,176,76,,bologna,19.0,3,sub,Right,-
1194,-,,FRA,28,Pauvin,Loriant,CB,66,18,189,78,,bologna,1.0,4,sub,Left,-
1195,-,,DEN,8,Sjoeldrup,Tomas,DM,73,26,183,77,,midtjylland,5.2,1,sub,Right,-
1196,-,,NED,13,Viltjer,Frank,CM,71,31,178,0,,twente,15.4,3,LCM,Right,-
1197,-,,ESP,34,Cambiso,Marc,RB CB,69,20,180,76,,realmadrid,1.0,3,sub,Right,-
1198,-,,FRA,12,Roschad,Martin,CB,70,33,188,0,,rennais,14.0,1,RCB,Right,-
1199,-,,ENG,13,Gordon,Allen,LB,75,29,179,0,,everton,27.6,2,sub,Left,-
1200,-,,SVN,20,Ceha,Luka,RM RW,68,25,176,72,,olimpijaljubljana,7.5,1,sub,Left,-
1201,-,,POR,29,Jaivonto,Montia,CF ST,72,24,189,74,,sportinglisabon,9.0,2,sub,Right,-
1202,-,,URU,16,Rubiz,Ordo,LB,72,33,177,0,,sportinglisabon,19.3,3,sub,Left,-
1203,-,,IRN,8,Ferdari,Raza,AM RM RW,74,32,172,0,,trabzonspor,26.5,3,sub,Left,-
1204,-,,GRE,6,Agravis,Tolis,CB,68,25,189,69,,aek,5.0,2,sub,Right,-
1205,-,,POR,27,Reyes,Fernando,RW,69,21,177,77,,benfica,1.0,2,sub,Left,-
1206,-,,FRA,18,Bengue,Jordan,CB,65,20,183,72,,rennais,2.2,3,sub,Right,-
1207,-,,BRA,9,Tete,-,AM LW,77,29,178,0,,paok,41.0,3,sub,Right,-
1208,-,,DEN,9,Haldurn,Mikael,GK,71,28,195,0,,midtjylland,16.0,4,sub,Right,-
1209,sub,,GRE,6,Fortzalis,Anthonis,RW SS,74,25,180,76,,genk,22.6,3,sub,Left,-
1210,-,,LAT,7,Kaninks,Timas,GK,72,33,193,0,,krasnodar,18.0,3,GK,Right,-
1211,-,,TUR,12,Ogurlu,Kenan,GK,68,35,186,0,,besiktas,9.2,1,sub,Right,-
1212,-,,POR,10,Gomes,Mario,CM,76,31,181,0,,besiktas,35.0,3,sub,Right,-
1213,-,,ENG,23,Bryan-Witts,Jared,CB,73,22,186,80,,tottenham,20.0,3,sub,Right,-
